RiskPerformance,ExternalRiskEstimate,MSinceOldestTradeOpen,MSinceMostRecentTradeOpen,AverageMInFile,NumSatisfactoryTrades,NumTrades60Ever2DerogPubRec,NumTrades90Ever2DerogPubRec,PercentTradesNeverDelq,MSinceMostRecentDelq,MaxDelq2PublicRecLast12M,MaxDelqEver,NumTotalTrades,NumTradesOpeninLast12M,PercentInstallTrades,MSinceMostRecentInqexcl7days,NumInqLast6M,NumInqLast6Mexcl7days,NetFractionRevolvingBurden,NetFractionInstallBurden,NumRevolvingTradesWBalance,NumInstallTradesWBalance,NumBank2NatlTradesWHighUtilization,PercentTradesWBalance,percent,DelqEver,DelqLast12M,PercentSatisfactoryTrades,NumTradesWBalance
Bad,71,68,4,33,10,0,0,100,125,7,7,10,4,50,0,0,0,58,71.0,5,4,0.0,100,0.15267175572519084,False,False,100.0,10
Good,73,85,6,40,17,1,0,94,11,5,5,18,2,28,10,0,0,10,,3,2,0.0,36,0.5319148936170213,True,True,94.0,6
Bad,64,51,6,22,15,0,0,100,125,7,7,24,3,25,0,0,0,61,84.0,10,3,1.0,100,0.15267175572519084,False,False,62.0,24
Good,81,398,2,112,17,0,0,100,125,7,7,18,2,33,0,0,0,47,60.0,5,2,1.0,64,0.15267175572519084,False,False,94.0,11
Good,66,209,19,89,29,0,0,83,6,6,6,30,0,50,3,1,1,43,74.0,8,8,1.0,94,0.5319148936170213,True,True,97.0,28
Good,69,189,7,84,34,2,1,94,0,2,2,36,1,8,0,1,1,11,,3,2,2.0,29,0.5319148936170213,True,True,94.0,10
Good,81,253,13,114,15,0,0,87,9,6,6,15,0,0,0,1,1,8,,1,2,0.0,17,0.5319148936170213,True,True,100.0,2
Good,89,151,20,87,14,0,0,100,125,7,7,14,0,50,0,0,0,9,,1,2,0.0,60,0.15267175572519084,False,False,100.0,8
Good,67,114,5,52,13,1,0,67,30,7,5,15,2,13,5,0,0,69,33.0,4,2,2.0,86,0.15267175572519084,True,False,87.0,12
Bad,71,170,9,88,43,2,2,93,6,6,2,46,2,17,0,1,1,33,100.0,8,4,1.0,60,0.5319148936170213,True,True,93.0,27
Good,79,177,4,89,21,0,0,100,125,7,7,21,1,29,36,0,0,67,,2,1,0.0,75,0.15267175572519084,False,False,100.0,15
Good,77,194,17,75,18,1,1,95,29,7,2,19,0,53,0,2,2,4,47.0,1,2,0.0,60,0.15267175572519084,True,False,95.0,11
Good,69,323,5,95,25,2,2,93,1,2,2,27,1,26,16,0,0,0,,2,1,0.0,36,0.5319148936170213,True,True,93.0,9
Good,60,249,2,81,27,0,0,96,1,6,6,71,3,36,36,3,3,59,21.0,3,5,2.0,53,0.5319148936170213,True,True,38.0,37
Bad,84,131,4,57,9,0,0,100,125,7,7,10,1,56,10,0,0,11,76.0,2,3,0.0,83,0.15267175572519084,False,False,90.0,8
Bad,73,160,11,79,10,1,1,91,16,7,4,11,1,55,36,1,1,16,,1,1,1.0,67,0.15267175572519084,True,False,91.0,7
Good,91,175,6,127,16,0,0,100,125,7,7,16,1,28,0,0,0,3,,2,2,0.0,29,0.15267175572519084,False,False,100.0,4
Bad,83,129,5,48,4,0,0,100,125,7,7,4,2,50,36,1,1,30,,1,1,0.0,100,0.15267175572519084,False,False,100.0,4
Bad,68,180,8,45,28,0,0,93,24,7,6,32,3,13,4,1,1,26,83.0,8,2,2.0,63,0.15267175572519084,True,False,88.0,20
Good,79,305,1,108,25,0,0,93,39,7,6,29,2,31,0,2,2,22,82.0,2,4,0.0,70,0.15267175572519084,True,False,86.0,20
Bad,67,269,10,65,22,0,0,79,3,6,6,24,1,33,36,0,0,21,70.0,4,3,0.0,58,0.5319148936170213,True,True,92.0,13
Good,81,58,34,49,5,0,0,100,125,7,7,5,0,80,0,0,0,14,60.0,1,2,0.5,100,0.15267175572519084,False,False,100.0,5
Good,78,220,2,76,52,0,0,98,35,7,6,56,2,33,2,2,2,13,,5,4,0.0,69,0.15267175572519084,True,False,93.0,38
Bad,63,170,11,75,14,1,1,87,8,4,4,15,1,13,0,2,2,56,,5,2,2.0,70,0.5319148936170213,True,True,93.0,10
Bad,65,146,7,58,29,1,1,97,63,7,6,33,1,39,36,5,5,7,88.0,1,2,0.0,33,0.15267175572519084,True,False,88.0,10
Bad,65,174,9,71,22,0,0,74,4,6,6,45,1,39,12,0,0,28,99.0,7,6,1.0,76,0.5319148936170213,True,True,49.0,34
Bad,60,155,15,53,16,1,1,81,5,6,6,16,0,44,5,0,0,79,,5,1,2.0,86,0.5319148936170213,True,True,100.0,13
Bad,56,68,4,25,22,0,0,91,31,7,6,22,8,27,0,2,2,81,91.0,9,3,3.0,71,0.15267175572519084,True,False,100.0,15
Bad,67,427,17,105,35,0,0,94,4,6,6,37,0,51,17,0,0,45,47.0,5,6,2.0,85,0.5319148936170213,True,True,95.0,31
Bad,57,180,6,91,10,1,0,47,2,6,5,16,1,31,36,0,0,91,29.0,4,1,2.0,86,0.5319148936170213,True,True,62.0,13
Good,87,216,8,87,16,0,0,100,125,7,7,16,1,19,2,1,1,2,,1,2,0.0,25,0.15267175572519084,False,False,100.0,4
Good,82,153,5,46,4,0,0,100,125,7,7,4,2,50,0,0,0,16,,1,1,0.0,100,0.15267175572519084,False,False,100.0,4
Good,81,204,7,64,13,0,0,93,59,7,6,14,3,14,5,0,0,11,,2,1,0.0,67,0.15267175572519084,True,False,93.0,9
Good,62,21,12,17,4,0,0,100,125,7,7,4,0,50,0,4,3,120,83.0,1,2,1.0,75,0.15267175572519084,False,False,100.0,3
Bad,70,88,7,42,14,1,1,93,25,7,2,16,2,67,36,2,2,38,63.0,2,5,0.5,88,0.15267175572519084,True,False,88.0,14
Good,68,184,2,69,7,0,0,58,1,6,6,12,2,67,6,0,0,4,57.0,2,5,0.0,78,0.5319148936170213,True,True,58.0,9
Bad,73,215,7,88,38,1,1,92,23,7,6,40,1,38,19,0,0,1,78.0,4,2,1.0,50,0.15267175572519084,True,False,95.0,20
Bad,73,28,4,18,4,0,0,100,125,7,7,4,1,50,0,5,5,41,81.0,2,2,0.0,100,0.15267175572519084,False,False,100.0,4
Bad,56,136,3,8,11,0,0,100,125,7,7,29,9,18,0,13,13,27,90.0,5,2,0.0,64,0.15267175572519084,False,False,38.0,18
Good,91,325,34,117,13,0,0,100,125,7,7,13,0,8,24,0,0,3,,2,2,0.0,25,0.15267175572519084,False,False,100.0,3
Bad,68,161,8,50,4,0,0,100,125,7,7,4,1,0,0,0,0,87,,4,2,3.0,100,0.15267175572519084,False,False,100.0,4
Bad,61,281,9,107,22,2,0,79,2,6,5,24,4,42,6,0,0,86,91.0,3,3,2.0,78,0.5319148936170213,True,True,92.0,18
Good,88,292,14,105,20,0,0,100,125,7,7,20,0,50,0,2,2,11,83.0,2,2,0.0,50,0.15267175572519084,False,False,100.0,10
Bad,66,81,4,35,10,0,0,100,125,7,7,10,3,60,0,1,1,79,94.0,4,2,2.0,100,0.15267175572519084,False,False,100.0,10
Bad,62,192,5,38,22,0,0,100,125,7,7,22,2,9,0,3,3,65,,15,2,7.0,79,0.15267175572519084,False,False,100.0,17
Good,81,158,4,87,34,0,0,100,125,7,7,36,6,31,36,5,5,19,93.0,7,3,0.0,63,0.15267175572519084,False,False,94.0,22
Good,77,287,3,109,10,2,2,83,32,7,3,12,3,17,0,2,2,33,,2,1,1.0,43,0.15267175572519084,True,False,83.0,5
Bad,58,315,10,78,10,0,0,64,3,6,6,15,1,64,2,3,3,78,77.0,2,2,1.0,100,0.5319148936170213,True,True,67.0,15
Bad,64,212,2,61,33,1,0,87,11,6,5,39,7,49,36,10,10,0,100.0,1,5,0.0,50,0.5319148936170213,True,True,85.0,19
Good,80,141,9,57,33,0,0,100,125,7,7,33,2,24,8,0,0,6,,1,1,1.0,43,0.15267175572519084,False,False,100.0,14
Bad,66,145,8,81,13,1,1,71,15,7,2,14,1,36,0,1,0,0,64.0,0,3,0.5,60,0.15267175572519084,True,False,93.0,8
Bad,70,233,6,69,31,0,0,97,6,6,6,33,1,33,0,0,0,35,68.0,6,3,1.0,59,0.5319148936170213,True,True,94.0,19
Bad,64,178,8,108,33,0,0,85,1,6,6,33,2,36,0,4,4,48,78.0,5,3,3.0,62,0.5319148936170213,True,True,100.0,20
Bad,69,124,5,51,29,0,0,100,125,7,7,29,4,21,36,1,1,51,76.0,7,3,1.0,77,0.15267175572519084,False,False,100.0,22
Bad,73,201,16,108,13,0,0,93,12,7,6,14,0,21,0,0,0,47,77.0,6,2,1.0,89,0.15267175572519084,True,False,93.0,12
Bad,58,264,13,78,24,0,0,92,1,6,6,25,0,28,0,5,4,70,23.0,13,2,5.0,94,0.5319148936170213,True,True,96.0,23
Bad,61,395,30,103,8,0,0,73,2,6,6,11,0,18,0,0,0,79,,5,2,2.0,100,0.5319148936170213,True,True,73.0,11
Good,69,312,15,94,27,1,0,82,11,6,5,30,0,18,15,0,0,54,62.0,2,2,1.0,56,0.5319148936170213,True,True,90.0,16
Bad,71,60,9,29,12,1,1,92,44,7,6,12,2,75,0,2,1,0,59.0,0,2,0.5,75,0.15267175572519084,True,False,100.0,9
Bad,72,98,16,49,11,0,0,91,16,7,6,11,0,36,4,4,4,56,79.0,1,1,0.0,67,0.15267175572519084,True,False,100.0,7
Bad,58,263,16,88,21,2,0,69,1,6,5,55,0,19,2,1,1,20,51.0,6,1,1.0,57,0.5319148936170213,True,True,38.0,31
Bad,62,199,2,65,18,0,0,85,22,7,6,20,3,40,36,5,5,58,82.0,4,3,1.0,88,0.15267175572519084,True,False,90.0,17
Bad,61,118,19,63,26,1,0,78,14,7,5,27,0,41,0,3,3,65,67.0,3,4,1.0,88,0.15267175572519084,True,False,96.0,23
Bad,69,78,5,40,16,0,0,100,125,7,7,16,1,25,0,2,2,69,,3,2,2.0,83,0.15267175572519084,False,False,100.0,13
Good,87,283,8,108,21,0,0,100,125,7,7,22,2,9,0,0,0,18,,4,2,0.0,33,0.15267175572519084,False,False,95.0,7
Bad,74,139,1,61,27,0,0,93,29,7,6,28,4,25,0,1,1,19,21.0,2,3,1.0,42,0.15267175572519084,True,False,96.0,11
Good,80,162,9,82,22,0,0,100,125,7,7,24,1,58,0,0,0,79,45.0,2,2,0.5,80,0.15267175572519084,False,False,92.0,19
Bad,88,209,19,71,5,0,0,100,125,7,7,5,0,40,0,0,0,0,72.0,0,1,0.5,50,0.15267175572519084,False,False,100.0,2
Good,82,429,10,115,30,0,0,97,19,7,6,30,1,13,11,0,0,10,51.0,11,2,0.0,65,0.15267175572519084,True,False,100.0,19
Good,80,156,13,78,19,0,0,95,46,7,6,19,0,11,0,1,1,9,,3,1,1.0,29,0.15267175572519084,True,False,100.0,5
Good,75,163,8,79,44,0,0,98,63,7,6,46,2,35,0,0,0,24,96.0,4,3,0.0,47,0.15267175572519084,True,False,96.0,21
Good,72,198,10,50,10,1,1,91,64,7,2,11,1,18,2,3,3,47,,3,1,0.0,100,0.15267175572519084,True,False,91.0,11
Bad,70,261,2,63,19,0,0,100,125,7,7,21,1,25,36,1,1,60,62.0,5,3,3.0,73,0.15267175572519084,False,False,90.0,15
Good,69,252,3,90,44,1,0,91,7,6,5,46,4,20,4,1,1,23,100.0,11,2,1.0,78,0.5319148936170213,True,True,96.0,35
Good,70,132,2,64,20,1,1,92,6,6,6,26,4,4,0,1,1,1,,1,2,0.0,13,0.5319148936170213,True,True,77.0,3
Good,73,103,20,70,6,0,0,71,48,7,6,7,0,29,36,0,0,34,,1,2,0.0,100,0.15267175572519084,True,False,86.0,7
Bad,56,133,2,64,15,0,0,88,3,6,6,17,2,12,0,2,2,84,,10,1,4.0,92,0.5319148936170213,True,True,88.0,15
Bad,56,140,9,69,16,1,1,94,1,6,6,18,1,47,0,0,0,66,66.0,3,2,2.0,71,0.5319148936170213,True,True,89.0,12
Bad,76,194,19,132,15,1,1,94,30,7,2,16,0,31,0,4,4,0,47.0,1,2,0.0,45,0.15267175572519084,True,False,94.0,7
Good,86,216,9,125,18,0,0,94,27,7,6,18,1,33,16,0,0,0,70.0,0,3,0.0,43,0.15267175572519084,True,False,100.0,7
Good,86,186,0,102,12,0,0,100,125,7,7,14,1,50,0,0,0,37,,3,1,0.0,80,0.15267175572519084,False,False,86.0,11
Bad,75,212,6,52,16,1,0,88,20,7,5,24,2,53,36,2,2,16,44.0,2,2,0.5,44,0.15267175572519084,True,False,67.0,10
Good,80,228,2,61,46,0,0,100,125,7,7,49,7,29,0,1,1,9,,5,2,0.0,57,0.15267175572519084,False,False,94.0,27
Good,81,202,5,106,37,0,0,95,40,7,6,44,1,46,1,1,1,0,92.0,2,2,0.0,36,0.15267175572519084,True,False,84.0,15
Bad,61,255,15,125,17,3,2,71,12,7,2,22,0,32,36,0,0,96,97.0,3,3,1.0,100,0.15267175572519084,True,False,77.0,22
Good,72,180,13,118,19,0,0,100,125,7,7,20,0,35,36,7,7,50,,5,2,1.0,100,0.15267175572519084,False,False,95.0,20
Good,75,356,15,122,20,1,0,82,8,7,5,22,0,18,18,0,0,23,,5,1,0.0,60,0.15267175572519084,True,False,91.0,13
Good,63,307,2,85,35,0,0,95,22,7,6,38,3,24,0,3,3,38,,5,1,2.0,50,0.15267175572519084,True,False,92.0,19
Good,83,180,5,53,25,0,0,100,125,7,7,26,2,4,36,1,1,18,,5,1,0.0,55,0.15267175572519084,False,False,96.0,14
Good,77,177,12,75,7,1,1,89,19,7,6,9,0,22,36,2,2,1,,1,2,0.0,25,0.15267175572519084,True,False,78.0,2
Good,85,251,5,80,45,0,0,98,43,7,6,48,3,17,0,1,1,3,,2,1,0.0,20,0.15267175572519084,True,False,94.0,9
Bad,55,85,19,59,6,4,3,33,7,2,2,9,0,44,19,0,0,29,,2,1,0.0,75,0.5319148936170213,True,True,67.0,6
Good,79,116,2,38,14,0,0,100,125,7,7,16,3,13,2,1,1,7,100.0,2,2,0.0,44,0.15267175572519084,False,False,88.0,7
Bad,65,88,9,45,20,0,0,85,1,6,6,20,1,20,0,0,0,14,71.0,4,2,1.0,50,0.5319148936170213,True,True,100.0,10
Bad,74,271,10,76,22,0,0,100,125,7,7,24,1,46,0,0,0,70,43.0,8,4,3.0,100,0.15267175572519084,False,False,92.0,24
Bad,57,173,3,48,25,1,1,96,1,4,4,26,4,23,0,2,2,4,36.0,5,4,0.0,60,0.5319148936170213,True,True,96.0,15
Bad,57,154,6,68,24,2,1,71,8,6,4,28,3,14,0,1,1,38,30.0,6,1,0.0,42,0.5319148936170213,True,True,86.0,11
Good,61,171,8,78,40,0,0,93,7,6,6,42,1,24,0,0,0,49,68.0,7,3,2.0,67,0.5319148936170213,True,True,95.0,28
Bad,60,178,5,53,23,0,0,75,10,6,6,24,6,29,4,2,2,35,75.0,3,3,1.0,55,0.5319148936170213,True,True,96.0,13
Bad,77,301,4,149,13,0,0,92,9,6,6,42,2,31,36,0,0,20,89.0,6,2,1.0,80,0.5319148936170213,True,True,31.0,33
Bad,61,162,5,63,24,7,2,75,11,6,2,32,1,44,0,4,4,46,85.0,1,2,0.0,43,0.5319148936170213,True,True,75.0,13
Bad,59,326,7,72,21,0,0,81,4,6,6,21,2,52,0,2,2,23,,5,1,1.0,67,0.5319148936170213,True,True,100.0,14
Good,80,184,8,127,19,0,0,100,125,7,7,20,1,50,20,0,0,44,36.0,2,2,1.0,80,0.15267175572519084,False,False,95.0,16
Bad,71,367,7,145,38,0,0,95,59,7,6,41,1,29,1,4,4,21,97.0,13,2,1.0,73,0.15267175572519084,True,False,93.0,29
Bad,78,82,5,54,33,0,0,100,125,7,7,41,2,15,36,3,3,21,11.0,9,3,2.0,50,0.15267175572519084,False,False,80.0,20
Good,81,156,1,77,31,0,0,100,125,7,7,37,2,39,0,4,4,13,,1,2,0.0,33,0.15267175572519084,False,False,84.0,12
Good,69,222,12,103,31,1,0,94,79,7,5,33,0,33,6,1,0,32,68.0,13,3,2.0,84,0.15267175572519084,True,False,94.0,27
Good,85,326,4,120,21,0,0,100,125,7,7,44,1,26,4,3,3,5,39.0,2,2,0.0,31,0.15267175572519084,False,False,48.0,13
Bad,56,305,4,97,8,2,1,73,1,6,4,11,1,36,0,5,5,15,96.0,5,4,1.0,100,0.5319148936170213,True,True,73.0,11
Bad,72,26,2,13,12,0,0,100,125,7,7,14,6,43,2,3,2,20,89.0,3,5,0.0,62,0.15267175572519084,False,False,86.0,8
Bad,65,243,2,77,26,1,0,90,7,6,5,30,3,57,0,6,6,72,100.0,2,4,0.5,86,0.5319148936170213,True,True,87.0,25
Bad,70,127,5,53,26,0,0,100,125,7,7,26,2,50,0,0,0,59,65.0,4,4,3.0,67,0.15267175572519084,False,False,100.0,17
Good,81,162,23,89,26,0,0,100,125,7,7,26,0,31,3,1,1,11,58.0,1,2,0.0,33,0.15267175572519084,False,False,100.0,8
Good,86,158,3,71,29,0,0,100,125,7,7,31,6,52,3,1,1,3,93.0,1,2,0.0,43,0.15267175572519084,False,False,94.0,13
Good,87,270,26,83,28,0,0,100,125,7,7,28,0,25,0,0,0,0,,1,2,0.0,10,0.15267175572519084,False,False,100.0,2
Good,69,256,4,69,57,1,1,95,31,7,3,63,4,44,0,5,5,58,82.0,14,9,5.0,77,0.15267175572519084,True,False,90.0,48
Bad,70,139,17,58,19,0,0,100,125,7,7,19,0,37,1,4,4,63,76.0,3,3,1.0,86,0.15267175572519084,False,False,100.0,16
Bad,88,419,11,101,21,0,0,100,125,7,7,21,1,33,0,0,0,0,,0,1,0.0,25,0.15267175572519084,False,False,100.0,5
Good,78,368,26,132,28,0,0,96,47,7,6,38,0,29,2,2,2,15,,1,2,0.0,30,0.15267175572519084,True,False,74.0,11
Bad,64,142,1,34,12,2,2,85,35,7,2,21,6,33,0,2,2,24,67.0,5,3,0.0,67,0.15267175572519084,True,False,57.0,14
Good,87,152,17,83,21,0,0,100,125,7,7,21,0,62,16,0,0,4,78.0,2,2,0.0,67,0.15267175572519084,False,False,100.0,14
Bad,66,180,7,63,23,0,0,96,31,7,6,25,3,24,36,0,0,73,47.0,8,3,4.0,85,0.15267175572519084,True,False,92.0,21
Good,73,229,4,56,32,0,0,100,125,7,7,33,5,63,5,1,1,18,69.0,3,12,1.0,83,0.15267175572519084,False,False,97.0,27
Bad,62,88,1,35,20,0,0,95,63,7,6,22,7,50,0,4,3,30,70.0,6,5,0.0,92,0.15267175572519084,True,False,91.0,20
Bad,69,306,8,48,21,0,0,91,18,7,6,37,1,27,36,1,1,38,77.0,5,3,2.0,50,0.15267175572519084,True,False,57.0,18
Good,83,228,2,95,46,0,0,100,125,7,7,51,3,33,1,1,1,26,100.0,2,1,1.0,27,0.15267175572519084,False,False,90.0,13
Good,72,214,6,88,34,0,0,97,78,7,6,35,1,46,36,3,3,59,31.0,5,4,2.0,90,0.15267175572519084,True,False,97.0,31
Bad,54,424,0,147,7,4,2,73,19,7,2,12,3,27,0,4,4,61,91.0,6,2,1.0,89,0.15267175572519084,True,False,58.0,10
Good,89,135,19,80,30,0,0,100,125,7,7,30,0,17,0,0,0,0,,1,1,0.0,22,0.15267175572519084,False,False,100.0,6
Bad,75,169,6,86,20,0,0,95,63,7,6,41,2,57,6,0,0,57,71.0,3,2,2.0,83,0.15267175572519084,True,False,49.0,34
Bad,61,83,2,40,22,0,0,96,1,6,6,23,4,26,3,1,1,50,,7,2,1.0,69,0.5319148936170213,True,True,96.0,15
Bad,67,180,4,15,12,0,0,100,125,7,7,13,6,23,36,4,4,28,95.0,7,2,1.0,90,0.15267175572519084,False,False,92.0,11
Good,71,235,4,71,32,1,1,94,83,7,2,33,6,27,0,0,0,49,92.0,9,3,1.0,80,0.15267175572519084,True,False,97.0,26
Bad,80,164,25,104,20,0,0,100,125,7,7,21,0,5,6,0,0,55,,4,1,0.0,50,0.15267175572519084,False,False,95.0,10
Good,80,139,1,40,12,0,0,100,125,7,7,14,4,36,2,5,5,19,97.0,5,2,0.0,88,0.15267175572519084,False,False,86.0,12
Bad,54,225,0,79,44,3,2,75,3,5,2,63,6,25,1,5,5,18,77.0,10,4,0.0,80,0.5319148936170213,True,True,70.0,50
Good,83,181,2,150,5,0,0,100,125,7,7,10,1,17,36,1,1,30,99.0,1,1,0.5,100,0.15267175572519084,False,False,50.0,10
Bad,67,97,2,46,8,0,0,100,125,7,7,9,1,33,0,1,1,66,48.0,5,2,1.0,88,0.15267175572519084,False,False,89.0,7
Bad,74,247,9,107,46,0,0,100,125,7,7,47,2,38,0,1,1,38,88.0,11,1,2.0,87,0.15267175572519084,False,False,98.0,40
Good,76,219,26,75,17,0,0,100,125,7,7,17,0,35,11,1,0,59,32.0,3,2,2.0,71,0.15267175572519084,False,False,100.0,12
Bad,66,340,11,117,36,0,0,100,125,7,7,36,1,11,0,0,0,81,,20,1,11.0,75,0.15267175572519084,False,False,100.0,27
Good,77,92,5,44,15,0,0,100,125,7,7,15,3,40,2,3,3,40,53.0,2,4,0.0,67,0.15267175572519084,False,False,100.0,10
Bad,82,147,6,35,6,0,0,100,125,7,7,6,2,50,0,0,0,16,73.0,1,2,0.0,75,0.15267175572519084,False,False,100.0,4
Bad,63,154,20,85,21,2,2,92,7,6,6,25,0,21,1,3,3,92,,3,1,1.0,100,0.5319148936170213,True,True,84.0,25
Good,82,182,6,106,10,0,0,100,125,7,7,10,1,30,0,0,0,65,,2,2,0.0,80,0.15267175572519084,False,False,100.0,8
Good,72,113,13,62,37,0,0,100,125,7,7,37,0,24,1,2,2,46,78.0,10,5,4.0,71,0.15267175572519084,False,False,100.0,26
Good,65,256,40,190,23,1,1,85,5,6,4,27,0,52,5,0,0,75,27.0,4,3,1.0,88,0.5319148936170213,True,True,85.0,23
Bad,66,160,3,71,17,0,0,83,15,7,6,18,1,44,0,1,1,32,70.0,3,3,1.0,86,0.15267175572519084,True,False,94.0,15
Bad,79,41,1,15,6,0,0,100,125,7,7,8,2,25,0,2,2,1,64.0,1,2,0.0,38,0.15267175572519084,False,False,75.0,3
Bad,62,185,8,83,58,2,2,92,30,7,2,60,4,73,0,0,0,109,79.0,9,8,4.0,100,0.15267175572519084,True,False,97.0,60
Good,79,306,2,89,19,0,0,95,15,7,6,21,2,24,1,1,1,12,,5,1,0.0,60,0.15267175572519084,True,False,90.0,12
Bad,70,310,2,58,16,0,0,100,125,7,7,17,5,12,0,4,4,62,,6,1,2.0,88,0.15267175572519084,False,False,94.0,14
Bad,83,122,13,35,11,0,0,100,125,7,7,11,0,36,0,0,0,2,,2,1,0.0,50,0.15267175572519084,False,False,100.0,5
Bad,72,177,21,75,15,1,0,94,13,7,5,16,0,38,0,0,0,30,,5,1,1.0,86,0.15267175572519084,True,False,94.0,13
Good,82,235,24,123,30,0,0,100,125,7,7,32,0,38,36,0,0,36,,3,1,0.0,100,0.15267175572519084,False,False,94.0,32
Bad,79,209,5,77,28,0,0,100,125,7,7,28,3,29,0,0,0,43,,4,2,2.0,55,0.15267175572519084,False,False,100.0,15
Good,87,150,27,77,27,0,0,100,125,7,7,27,0,30,2,1,1,4,3.0,4,2,0.0,55,0.15267175572519084,False,False,100.0,14
Bad,60,134,9,48,12,0,0,92,23,7,6,15,1,57,0,1,1,97,57.0,4,5,3.0,90,0.15267175572519084,True,False,80.0,13
Good,89,118,5,56,9,0,0,100,125,7,7,9,1,22,6,0,0,0,,1,2,0.0,17,0.15267175572519084,False,False,100.0,1
Bad,61,132,1,71,12,2,0,81,71,7,5,16,3,31,0,5,5,86,,7,1,3.0,80,0.15267175572519084,True,False,75.0,12
Good,74,183,4,84,21,1,1,86,3,7,4,24,1,32,2,1,1,15,,2,2,0.0,25,0.15267175572519084,True,False,88.0,6
Bad,64,128,16,75,18,1,1,95,39,7,6,20,0,16,0,0,0,46,,7,2,1.0,88,0.15267175572519084,True,False,90.0,17
Bad,54,206,7,75,8,1,0,64,6,6,5,11,1,64,0,0,0,92,,2,1,0.5,75,0.5319148936170213,True,True,73.0,8
Bad,64,323,7,106,21,5,4,77,11,2,5,23,2,9,14,0,0,27,71.0,5,2,1.0,50,0.5319148936170213,True,True,91.0,11
Good,74,390,1,98,37,0,0,100,125,7,7,38,5,24,0,4,3,22,64.0,4,1,1.0,33,0.15267175572519084,False,False,97.0,12
Bad,75,129,1,48,22,0,0,100,125,7,7,23,5,61,9,0,0,46,95.0,2,6,0.0,80,0.15267175572519084,False,False,96.0,18
Bad,62,433,1,79,31,3,3,92,24,7,2,39,7,85,0,2,2,13,97.0,1,4,0.5,100,0.15267175572519084,True,False,79.0,39
Bad,84,130,11,61,14,0,0,100,125,7,7,14,2,43,0,1,1,0,61.0,2,2,0.0,67,0.15267175572519084,False,False,100.0,9
Good,82,197,75,173,12,1,0,93,48,7,5,14,0,7,36,1,1,1,,6,2,0.0,67,0.15267175572519084,True,False,86.0,9
Bad,55,110,20,63,9,2,0,62,11,6,5,13,0,46,0,1,1,92,89.0,3,2,1.0,100,0.5319148936170213,True,True,69.0,13
Good,71,314,9,116,63,1,1,84,4,6,3,64,2,9,0,2,2,5,91.0,7,2,0.0,37,0.5319148936170213,True,True,98.0,23
Good,67,220,7,61,30,0,0,97,32,7,6,30,5,53,1,4,4,50,70.0,6,9,2.0,88,0.15267175572519084,True,False,100.0,26
Bad,67,250,6,103,26,0,0,88,1,6,6,26,1,35,0,0,0,79,60.0,4,2,2.0,75,0.5319148936170213,True,True,100.0,19
Bad,58,334,4,99,34,0,0,68,13,7,6,37,2,54,2,4,4,68,32.0,3,4,1.0,58,0.15267175572519084,True,False,92.0,21
Good,81,255,1,75,28,0,0,100,125,7,7,30,2,27,0,1,1,17,67.0,5,2,0.0,44,0.15267175572519084,False,False,93.0,13
Good,75,422,1,91,55,0,0,100,125,7,7,57,4,33,0,4,4,2,11.0,12,2,1.0,57,0.15267175572519084,False,False,96.0,32
Bad,54,184,3,101,42,0,0,88,4,6,6,43,4,51,0,1,1,64,83.0,8,3,3.0,93,0.5319148936170213,True,True,98.0,39
Good,73,134,11,54,23,0,0,100,125,7,7,24,1,46,2,1,1,47,58.0,4,4,1.0,67,0.15267175572519084,False,False,96.0,16
Good,79,138,4,56,26,0,0,100,125,7,7,27,3,19,36,0,0,12,,4,2,0.0,70,0.15267175572519084,False,False,96.0,18
Bad,65,187,6,86,31,0,0,94,17,7,6,32,1,34,0,1,1,58,77.0,10,4,4.0,93,0.15267175572519084,True,False,97.0,29
Bad,77,199,2,60,24,0,0,100,125,7,7,29,3,21,0,0,0,66,41.0,5,3,2.0,67,0.15267175572519084,False,False,83.0,19
Good,84,196,10,82,12,0,0,100,125,7,7,25,1,17,0,2,2,29,54.0,5,2,0.0,64,0.15267175572519084,False,False,48.0,16
Good,65,338,7,55,24,0,0,83,9,6,6,24,2,33,0,2,2,13,78.0,2,2,0.0,31,0.5319148936170213,True,True,100.0,7
Bad,76,293,4,74,33,0,0,100,125,7,7,34,1,38,0,2,2,37,,13,1,0.0,88,0.15267175572519084,False,False,97.0,29
Good,83,202,10,98,22,3,1,88,34,7,4,25,2,24,1,1,1,6,83.0,4,2,0.0,50,0.15267175572519084,True,False,88.0,12
Good,88,448,6,156,23,0,0,100,125,7,7,29,1,22,0,0,0,6,4.0,5,2,0.0,50,0.15267175572519084,False,False,79.0,14
Bad,73,181,8,71,25,0,0,100,125,7,7,25,4,56,0,0,0,45,76.0,6,6,1.0,86,0.15267175572519084,False,False,100.0,21
Bad,81,178,2,52,13,0,0,100,125,7,7,15,1,33,0,3,3,7,75.0,3,1,0.0,57,0.15267175572519084,False,False,87.0,8
Good,88,188,13,82,20,0,0,100,125,7,7,20,0,40,0,0,0,17,82.0,2,2,0.0,50,0.15267175572519084,False,False,100.0,10
Bad,57,164,5,74,30,1,1,90,7,2,6,35,1,57,0,5,4,64,75.0,6,4,2.0,92,0.5319148936170213,True,True,86.0,32
Bad,56,95,2,24,15,0,0,100,125,7,7,19,4,44,4,1,1,73,87.0,5,6,2.0,85,0.15267175572519084,False,False,79.0,16
Bad,63,148,2,56,31,1,1,97,67,7,2,38,5,45,0,3,3,82,,9,2,6.0,92,0.15267175572519084,True,False,82.0,34
Good,77,216,4,91,39,0,0,100,125,7,7,41,3,29,0,3,3,46,83.0,8,5,0.0,68,0.15267175572519084,False,False,95.0,27
Good,74,107,4,59,22,1,1,96,71,7,2,23,1,17,3,1,1,23,26.0,2,2,1.0,44,0.15267175572519084,True,False,96.0,10
Bad,68,144,2,41,19,0,0,100,125,7,7,21,4,24,0,1,1,63,78.0,10,3,3.0,93,0.15267175572519084,False,False,90.0,19
Bad,86,70,9,39,10,0,0,100,125,7,7,10,1,10,0,0,0,0,,1,1,0.0,22,0.15267175572519084,False,False,100.0,2
Bad,78,246,17,109,15,0,0,100,125,7,7,15,0,40,0,0,0,71,,2,1,2.0,43,0.15267175572519084,False,False,100.0,6
Good,72,271,3,58,39,1,0,98,8,6,5,43,2,40,0,6,6,12,92.0,4,3,0.0,64,0.5319148936170213,True,True,91.0,27
Bad,67,233,12,66,13,1,0,87,10,6,5,15,0,67,0,1,1,33,81.0,3,2,1.0,83,0.5319148936170213,True,True,87.0,12
Bad,58,205,8,15,4,0,0,100,125,7,7,16,3,25,36,3,3,91,,3,1,1.0,100,0.15267175572519084,False,False,25.0,16
Bad,68,125,9,95,14,3,3,94,58,2,2,16,1,50,7,0,0,14,97.0,2,2,0.0,57,0.5319148936170213,True,True,88.0,9
Good,78,202,2,70,15,0,0,94,63,7,6,17,4,18,1,1,1,10,,4,1,0.0,38,0.15267175572519084,True,False,88.0,6
Bad,74,264,11,64,28,0,0,96,29,7,6,58,1,29,36,5,5,37,,5,2,1.0,44,0.15267175572519084,True,False,48.0,25
Good,76,186,1,83,21,0,0,96,11,6,6,25,4,28,36,2,2,12,,3,2,0.0,44,0.5319148936170213,True,True,84.0,11
Good,75,289,3,83,39,1,1,95,33,7,2,42,2,33,3,1,1,21,,3,1,1.0,50,0.15267175572519084,True,False,93.0,21
Good,80,49,7,27,7,0,0,100,125,7,7,7,1,71,1,1,1,0,82.0,0,1,0.0,33,0.15267175572519084,False,False,100.0,2
Bad,77,516,14,110,10,0,0,90,14,7,6,10,0,30,0,1,1,55,79.0,3,2,1.0,86,0.15267175572519084,True,False,100.0,8
Bad,64,237,13,88,7,3,3,70,18,7,3,10,0,70,36,0,0,34,88.0,1,1,0.0,67,0.15267175572519084,True,False,70.0,6
Bad,58,67,2,28,14,0,0,100,125,7,7,15,3,7,1,2,2,69,,9,1,2.0,83,0.15267175572519084,False,False,93.0,12
Bad,66,502,4,145,34,0,0,97,36,7,6,37,4,27,4,3,3,80,53.0,17,3,12.0,83,0.15267175572519084,True,False,92.0,30
Bad,76,66,2,31,5,0,0,100,125,7,7,7,3,0,0,1,1,47,,3,2,2.0,100,0.15267175572519084,False,False,71.0,7
Bad,72,254,11,68,18,0,0,95,1,6,6,24,1,16,4,1,1,3,19.0,4,3,0.0,58,0.5319148936170213,True,True,75.0,13
Bad,60,205,4,74,32,0,0,88,4,6,6,34,5,59,36,4,4,32,62.0,4,3,0.0,80,0.5319148936170213,True,True,94.0,27
Bad,90,406,1,146,10,0,0,100,125,7,7,11,1,36,36,0,0,0,,2,1,0.5,60,0.15267175572519084,False,False,91.0,6
Good,75,224,19,97,21,0,0,100,125,7,7,21,0,33,36,0,0,57,49.0,2,2,2.0,36,0.15267175572519084,False,False,100.0,7
Bad,54,94,1,44,16,0,0,88,1,6,6,17,4,29,0,1,1,58,94.0,4,2,3.0,75,0.5319148936170213,True,True,94.0,12
Bad,54,336,13,93,17,1,1,89,4,4,4,18,0,33,0,4,4,65,53.0,4,2,2.0,75,0.5319148936170213,True,True,94.0,13
Bad,71,158,1,71,29,0,0,100,125,7,7,30,6,30,0,2,2,39,94.0,5,3,2.0,67,0.15267175572519084,False,False,97.0,20
Good,64,228,5,84,60,0,0,95,23,7,6,60,4,38,0,0,0,35,,10,2,3.0,68,0.15267175572519084,True,False,100.0,40
Bad,57,68,4,37,15,0,0,81,31,7,6,16,3,50,0,1,1,98,85.0,4,4,1.0,80,0.15267175572519084,True,False,94.0,12
Bad,77,221,0,64,31,0,0,94,14,7,6,36,4,51,36,1,0,9,88.0,3,6,0.0,45,0.15267175572519084,True,False,86.0,16
Bad,57,130,6,38,15,0,0,80,1,6,6,15,1,27,13,0,0,84,71.0,6,3,4.0,82,0.5319148936170213,True,True,100.0,12
Bad,80,271,9,62,12,0,0,92,9,6,6,12,1,33,36,0,0,29,50.0,1,2,0.0,60,0.5319148936170213,True,True,100.0,7
Good,85,176,3,95,12,0,0,100,125,7,7,14,1,21,0,0,0,26,,3,2,0.0,100,0.15267175572519084,False,False,86.0,14
Good,91,240,22,118,8,0,0,100,125,7,7,8,0,0,0,0,0,5,,3,2,0.0,50,0.15267175572519084,False,False,100.0,4
Bad,83,195,4,94,18,0,0,100,125,7,7,18,2,28,4,1,1,25,56.0,2,2,0.0,44,0.15267175572519084,False,False,100.0,7
Good,71,167,31,84,21,0,0,96,37,7,6,23,0,13,36,0,0,55,,5,1,3.0,60,0.15267175572519084,True,False,91.0,13
Bad,76,108,14,58,18,1,0,95,62,7,5,19,0,42,0,0,0,20,,4,2,1.0,86,0.15267175572519084,True,False,95.0,16
Bad,75,169,2,59,21,0,0,100,125,7,7,22,4,36,36,4,4,43,112.0,4,6,0.0,83,0.15267175572519084,False,False,95.0,18
Good,74,332,15,113,19,0,0,95,32,7,6,20,0,35,21,0,0,58,65.0,5,3,1.0,57,0.15267175572519084,True,False,95.0,11
Bad,54,232,2,91,19,0,0,70,2,6,6,23,3,48,0,1,1,97,36.0,6,3,0.0,90,0.5319148936170213,True,True,83.0,20
Good,77,155,20,94,13,0,0,100,125,7,7,15,0,53,0,0,0,42,55.0,3,1,0.0,50,0.15267175572519084,False,False,87.0,7
Bad,60,37,9,22,11,0,0,100,125,7,7,11,1,55,36,8,8,112,61.0,3,1,0.0,100,0.15267175572519084,False,False,100.0,11
Good,91,262,19,101,9,0,0,100,125,7,7,9,0,0,19,0,0,8,,2,2,0.0,50,0.15267175572519084,False,False,100.0,4
Bad,66,79,3,31,19,0,0,100,125,7,7,20,1,45,0,5,5,81,68.0,6,4,1.0,100,0.15267175572519084,False,False,95.0,20
Bad,51,169,5,70,19,0,0,62,2,6,6,21,1,33,0,0,0,87,48.0,5,2,4.0,64,0.5319148936170213,True,True,90.0,13
Bad,69,165,4,62,12,0,0,92,75,7,6,12,2,58,0,1,1,97,71.0,4,1,3.0,100,0.15267175572519084,True,False,100.0,12
Good,75,180,4,49,17,0,0,100,125,7,7,19,2,26,36,1,1,100,57.0,1,2,1.0,50,0.15267175572519084,False,False,89.0,9
Good,90,162,12,99,19,0,0,100,125,7,7,21,0,52,0,0,0,3,,3,1,0.0,67,0.15267175572519084,False,False,90.0,14
Bad,59,136,6,42,18,0,0,89,17,7,6,18,4,28,0,1,1,44,99.0,5,2,3.0,50,0.15267175572519084,True,False,100.0,9
Good,64,230,11,108,35,0,0,92,4,6,6,39,1,47,2,1,1,56,40.0,7,8,2.0,83,0.5319148936170213,True,True,90.0,32
Good,80,88,8,48,16,0,0,100,125,7,7,16,2,25,36,0,0,3,,2,1,0.0,38,0.15267175572519084,False,False,100.0,6
Good,91,270,23,132,16,0,0,100,125,7,7,16,0,13,0,0,0,6,,3,1,0.0,50,0.15267175572519084,False,False,100.0,8
Good,91,278,29,123,17,0,0,100,125,7,7,19,0,32,0,0,0,1,,4,1,0.0,63,0.15267175572519084,False,False,89.0,11
Good,65,155,1,89,6,1,0,78,8,6,5,9,1,33,0,4,4,50,74.0,1,3,0.0,67,0.5319148936170213,True,True,67.0,6
Bad,69,160,5,109,11,1,1,92,20,7,3,13,1,31,36,0,0,94,,3,2,3.0,100,0.15267175572519084,True,False,85.0,13
Bad,87,115,11,59,9,0,0,100,125,7,7,9,2,78,36,1,1,0,,0,2,0.0,50,0.15267175572519084,False,False,100.0,4
Good,88,441,18,113,17,0,0,100,125,7,7,19,0,17,22,0,0,0,,1,2,0.0,43,0.15267175572519084,False,False,89.0,8
Bad,67,235,5,39,11,0,0,91,6,6,6,30,3,27,36,1,1,47,78.0,3,2,0.0,71,0.5319148936170213,True,True,37.0,21
Good,64,180,2,40,27,0,0,100,125,7,7,30,6,7,36,5,5,32,,7,1,3.0,47,0.15267175572519084,False,False,90.0,14
Bad,70,45,3,27,3,0,0,100,125,7,7,4,1,67,0,1,1,55,45.0,1,1,0.0,100,0.15267175572519084,False,False,75.0,4
Good,73,255,12,40,10,0,0,100,125,7,7,35,0,30,36,3,3,62,73.0,3,2,2.0,83,0.15267175572519084,False,False,29.0,29
Good,82,258,8,118,22,1,0,91,78,7,5,23,2,43,36,0,0,39,66.0,2,2,0.0,57,0.15267175572519084,True,False,96.0,13
Bad,72,293,13,138,4,2,1,83,32,7,5,6,0,50,0,1,1,0,,0,1,0.5,50,0.15267175572519084,True,False,67.0,3
Good,64,169,2,76,64,0,0,98,63,7,6,66,4,21,0,1,1,53,,15,2,4.0,62,0.15267175572519084,True,False,97.0,40
Good,81,419,11,240,13,0,0,100,125,7,7,13,1,8,11,0,0,55,,3,2,1.0,50,0.15267175572519084,False,False,100.0,6
Bad,68,514,14,104,14,0,0,94,10,6,6,16,0,50,0,0,0,42,,4,2,0.0,80,0.5319148936170213,True,True,88.0,12
Bad,80,93,5,45,6,0,0,100,125,7,7,6,2,50,36,9,7,7,83.0,1,1,0.0,67,0.15267175572519084,False,False,100.0,4
Good,65,192,6,79,22,3,2,78,44,7,2,27,3,26,8,1,0,59,80.0,7,2,2.0,90,0.15267175572519084,True,False,81.0,24
Bad,70,241,2,104,23,1,0,70,26,7,5,27,1,52,0,1,1,43,53.0,5,2,0.0,89,0.15267175572519084,True,False,85.0,24
Bad,59,163,18,80,5,1,1,83,63,7,6,6,0,83,6,0,0,101,42.0,1,2,1.0,100,0.15267175572519084,True,False,83.0,6
Good,92,206,8,122,11,0,0,100,125,7,7,20,1,15,1,1,1,1,,2,1,0.0,60,0.15267175572519084,False,False,55.0,12
Bad,61,159,2,80,27,3,2,74,5,6,2,32,2,10,36,1,1,21,,5,1,2.0,50,0.5319148936170213,True,True,84.0,16
Good,84,311,10,85,26,0,0,100,125,7,7,26,1,31,0,0,0,8,23.0,3,2,0.0,36,0.15267175572519084,False,False,100.0,9
Good,74,205,24,102,24,1,1,88,5,6,4,41,0,15,36,1,1,6,58.0,2,3,0.0,63,0.5319148936170213,True,True,59.0,25
Bad,66,389,39,114,19,1,0,78,17,7,5,23,0,35,0,6,6,62,,3,2,2.0,63,0.15267175572519084,True,False,83.0,14
Bad,58,163,2,67,23,1,0,81,3,6,5,27,4,52,0,5,5,40,79.0,7,5,1.0,93,0.5319148936170213,True,True,85.0,25
Bad,59,185,7,76,21,0,0,83,11,6,6,24,2,63,0,3,3,59,64.0,2,6,2.0,73,0.5319148936170213,True,True,88.0,17
Good,77,118,5,58,36,0,0,97,56,7,6,38,2,11,5,0,0,6,42.0,1,2,0.0,27,0.15267175572519084,True,False,95.0,10
Good,76,348,7,119,29,0,0,100,125,7,7,29,1,28,0,0,0,33,89.0,10,2,1.0,65,0.15267175572519084,False,False,100.0,18
Good,58,71,2,31,20,0,0,91,8,6,6,22,6,41,0,0,0,35,81.0,2,3,1.0,56,0.5319148936170213,True,True,91.0,12
Good,85,214,5,79,28,0,0,97,39,7,6,33,1,33,14,0,0,7,,3,2,0.0,50,0.15267175572519084,True,False,85.0,16
Good,80,263,14,84,23,0,0,96,63,7,6,23,0,52,0,0,0,8,33.0,4,3,0.0,70,0.15267175572519084,True,False,100.0,16
Bad,75,160,2,82,46,0,0,100,125,7,7,48,2,17,0,3,3,19,,10,3,1.0,41,0.15267175572519084,False,False,96.0,19
Bad,80,94,3,49,27,0,0,100,125,7,7,28,1,14,0,2,2,21,,4,1,0.0,45,0.15267175572519084,False,False,96.0,12
Bad,63,257,12,84,31,0,0,97,14,7,6,61,0,29,0,4,4,70,73.0,10,3,5.0,70,0.15267175572519084,True,False,51.0,42
Bad,62,343,3,154,16,9,4,60,28,7,2,25,2,20,0,3,3,59,,4,2,1.0,67,0.15267175572519084,True,False,64.0,16
Good,60,273,3,126,32,4,4,89,2,6,6,35,3,11,0,0,0,37,74.0,16,2,0.0,95,0.5319148936170213,True,True,91.0,33
Good,71,155,1,71,24,0,0,100,125,7,7,25,3,32,3,3,3,54,,3,1,1.0,100,0.15267175572519084,False,False,96.0,25
Bad,65,249,2,70,32,1,1,94,14,7,6,33,2,18,36,2,2,48,,8,1,1.0,45,0.15267175572519084,True,False,97.0,14
Bad,63,378,10,84,36,1,1,89,10,6,4,37,2,54,0,2,2,60,67.0,4,6,3.0,77,0.5319148936170213,True,True,97.0,28
Bad,70,211,25,107,14,0,0,86,3,6,6,14,0,29,0,0,0,13,58.0,3,2,0.0,56,0.5319148936170213,True,True,100.0,7
Bad,42,179,1,72,50,9,6,69,0,2,2,62,5,53,36,2,2,92,94.0,4,5,4.0,100,0.5319148936170213,True,True,81.0,62
Bad,74,66,6,36,10,0,0,100,125,7,7,10,1,40,0,3,0,41,94.0,2,1,1.0,75,0.15267175572519084,False,False,100.0,7
Good,73,138,5,76,5,1,1,75,25,7,4,8,1,63,0,2,2,0,92.0,0,2,0.5,67,0.15267175572519084,True,False,62.0,5
Good,77,170,10,84,25,0,0,100,125,7,7,26,1,12,36,2,2,58,46.0,3,1,2.0,50,0.15267175572519084,False,False,96.0,13
Bad,84,380,10,100,15,0,0,100,125,7,7,51,1,27,5,0,0,0,87.0,1,2,0.0,33,0.15267175572519084,False,False,29.0,16
Good,73,209,11,84,22,1,0,87,29,7,5,23,1,43,0,1,1,6,84.0,2,2,1.0,31,0.15267175572519084,True,False,96.0,7
Good,77,195,22,87,24,0,0,100,125,7,7,46,0,13,4,1,1,49,,6,1,1.0,58,0.15267175572519084,False,False,52.0,26
Bad,73,41,10,23,7,0,0,100,125,7,7,7,3,29,0,5,5,17,,1,1,1.0,33,0.15267175572519084,False,False,100.0,2
Good,91,283,9,140,7,0,0,100,125,7,7,7,1,29,0,0,0,11,,2,1,0.0,60,0.15267175572519084,False,False,100.0,4
Good,66,130,8,49,15,1,1,88,33,7,2,16,1,81,0,0,0,78,83.0,1,5,0.5,100,0.15267175572519084,True,False,94.0,16
Good,66,305,36,134,26,1,0,90,8,6,5,29,0,28,5,0,0,46,,6,2,3.0,62,0.5319148936170213,True,True,90.0,17
Bad,72,103,9,58,16,2,0,89,59,7,5,19,1,6,1,1,1,14,,2,2,1.0,18,0.15267175572519084,True,False,84.0,3
Bad,58,108,4,49,11,2,1,57,6,6,2,14,3,71,0,4,3,0,74.0,1,4,0.5,83,0.5319148936170213,True,True,79.0,11
Good,54,189,6,85,7,1,0,50,3,5,5,10,1,40,0,0,0,81,,4,1,1.0,100,0.5319148936170213,True,True,70.0,10
Good,84,264,2,87,19,0,0,100,125,7,7,20,2,35,0,3,3,14,94.0,2,2,1.0,36,0.15267175572519084,False,False,95.0,7
Bad,57,140,13,67,8,4,4,80,26,7,4,10,0,50,3,1,1,93,71.0,1,2,1.0,100,0.15267175572519084,True,False,80.0,10
Bad,58,107,22,55,17,1,0,89,1,5,5,18,0,22,1,2,2,6,,5,1,0.0,60,0.5319148936170213,True,True,94.0,10
Good,89,190,17,88,21,0,0,100,125,7,7,21,0,19,0,1,1,14,,3,1,0.0,50,0.15267175572519084,False,False,100.0,10
Good,65,228,7,89,12,2,2,93,80,7,3,15,2,57,0,1,1,92,,1,1,1.0,100,0.15267175572519084,True,False,80.0,15
Bad,91,291,7,88,26,0,0,100,125,7,7,26,2,35,7,0,0,0,,3,2,0.0,23,0.15267175572519084,False,False,100.0,5
Bad,68,221,7,89,19,4,0,83,53,7,5,23,1,39,0,0,0,70,100.0,2,2,2.0,40,0.15267175572519084,True,False,83.0,9
Bad,66,172,10,90,44,0,0,100,125,7,7,48,1,38,36,2,1,65,85.0,12,2,8.0,82,0.15267175572519084,False,False,92.0,39
Bad,74,183,6,76,19,0,0,100,125,7,7,19,2,26,0,0,0,44,15.0,4,2,2.0,75,0.15267175572519084,False,False,100.0,14
Bad,62,295,21,124,10,2,2,64,16,7,2,14,0,36,20,0,0,38,30.0,3,3,0.0,86,0.15267175572519084,True,False,71.0,12
Bad,60,159,6,69,15,0,0,73,2,6,6,22,1,33,13,0,0,62,42.0,4,3,2.0,88,0.5319148936170213,True,True,68.0,19
Bad,69,59,10,43,10,2,2,75,32,7,3,12,1,50,0,0,0,18,81.0,1,2,0.0,75,0.15267175572519084,True,False,83.0,9
Bad,59,246,2,81,34,0,0,94,3,6,6,41,3,46,8,0,0,56,85.0,7,3,3.0,67,0.5319148936170213,True,True,83.0,27
Bad,84,239,6,63,25,0,0,100,125,7,7,27,4,37,0,5,5,7,,2,2,0.0,20,0.15267175572519084,False,False,93.0,5
Good,82,401,10,161,13,0,0,93,3,6,6,14,3,14,0,0,0,5,,2,2,0.0,40,0.5319148936170213,True,True,93.0,5
Good,68,196,9,79,26,0,0,93,2,6,6,29,1,41,8,0,0,30,50.0,4,4,1.0,80,0.5319148936170213,True,True,90.0,23
Bad,77,433,2,22,7,0,0,100,125,7,7,24,3,25,1,2,2,17,100.0,1,2,0.0,60,0.15267175572519084,False,False,29.0,14
Bad,74,167,4,63,17,0,0,94,31,7,6,17,2,41,0,2,2,38,91.0,4,3,2.0,78,0.15267175572519084,True,False,100.0,13
Bad,83,192,63,148,7,0,0,100,125,7,7,7,0,71,0,1,1,30,,3,1,0.5,100,0.15267175572519084,False,False,100.0,7
Good,66,52,7,7,1,0,0,100,125,7,7,2,1,0,36,3,3,48,,1,2,0.5,100,0.15267175572519084,False,False,50.0,2
Good,83,229,3,71,14,0,0,100,125,7,7,14,2,43,0,3,3,0,95.0,1,4,0.0,71,0.15267175572519084,False,False,100.0,9
Good,80,223,5,96,25,0,0,100,125,7,7,25,4,36,0,1,1,18,83.0,5,3,1.0,53,0.15267175572519084,False,False,100.0,13
Good,87,206,32,87,23,0,0,100,125,7,7,23,0,30,0,3,3,6,,1,2,0.0,13,0.15267175572519084,False,False,100.0,2
Bad,76,114,7,51,23,0,0,100,125,7,7,23,6,35,0,0,0,1,90.0,1,3,0.0,50,0.15267175572519084,False,False,100.0,11
Bad,81,76,10,49,12,0,0,100,125,7,7,12,1,17,0,0,0,27,,2,1,0.0,44,0.15267175572519084,False,False,100.0,5
Bad,65,153,4,81,17,0,0,89,29,7,6,19,3,53,1,1,1,60,,4,2,0.0,86,0.15267175572519084,True,False,89.0,16
Good,89,148,15,79,11,0,0,100,125,7,7,12,0,33,0,0,0,2,,3,1,0.0,80,0.15267175572519084,False,False,92.0,9
Bad,69,153,32,85,3,0,0,100,125,7,7,3,0,100,36,2,1,30,10.0,3,1,0.5,100,0.15267175572519084,False,False,100.0,3
Bad,58,195,2,57,26,0,0,100,125,7,7,27,4,33,36,4,4,72,100.0,9,2,3.0,92,0.15267175572519084,False,False,96.0,24
Good,82,350,10,100,30,0,0,100,125,7,7,31,1,52,3,1,1,4,58.0,4,3,0.0,100,0.15267175572519084,False,False,97.0,31
Bad,54,207,3,69,34,1,0,75,1,5,5,38,6,25,2,2,2,17,80.0,8,5,1.0,68,0.5319148936170213,True,True,89.0,25
Bad,64,150,2,45,12,1,1,86,3,2,2,14,4,21,0,2,2,9,,4,1,0.5,56,0.5319148936170213,True,True,86.0,7
Bad,79,275,7,102,38,0,0,95,22,7,6,38,2,16,0,2,2,2,,6,2,0.0,40,0.15267175572519084,True,False,100.0,15
Bad,82,220,5,59,26,0,0,100,125,7,7,27,3,22,0,2,2,24,,4,1,1.0,63,0.15267175572519084,False,False,96.0,17
Good,66,203,2,64,21,1,0,83,4,6,5,23,2,26,2,1,1,14,,3,2,0.0,38,0.5319148936170213,True,True,91.0,8
Bad,72,118,4,55,14,0,0,100,125,7,7,14,2,36,36,1,1,76,,6,2,3.0,75,0.15267175572519084,False,False,100.0,10
Bad,67,68,3,21,8,0,0,100,125,7,7,8,3,13,0,1,1,57,,3,1,0.0,67,0.15267175572519084,False,False,100.0,5
Good,75,144,7,56,26,0,0,100,125,7,7,27,2,42,1,1,1,32,62.0,3,4,1.0,67,0.15267175572519084,False,False,96.0,18
Bad,63,175,7,62,13,1,1,71,16,7,6,14,2,64,0,6,6,50,100.0,5,3,0.0,100,0.15267175572519084,True,False,93.0,14
Bad,68,178,3,85,21,0,0,100,125,7,7,22,3,43,2,7,7,66,3.0,3,3,1.0,100,0.15267175572519084,False,False,95.0,22
Good,90,179,13,86,12,0,0,100,125,7,7,12,0,25,0,4,4,0,,2,1,0.0,50,0.15267175572519084,False,False,100.0,6
Good,74,254,11,85,10,0,0,100,125,7,7,10,1,50,4,1,1,93,38.0,2,3,2.0,100,0.15267175572519084,False,False,100.0,10
Bad,69,39,4,23,7,1,0,88,14,7,5,8,2,13,0,8,8,19,,3,2,0.0,50,0.15267175572519084,True,False,88.0,4
Bad,65,180,2,81,7,2,0,73,15,7,5,11,2,18,0,0,0,81,,2,1,1.0,100,0.15267175572519084,True,False,64.0,11
Bad,72,185,3,75,24,0,0,96,52,7,6,26,2,38,0,2,2,43,88.0,5,2,2.0,70,0.15267175572519084,True,False,92.0,18
Good,81,194,11,91,17,0,0,100,125,7,7,17,1,41,3,2,2,79,50.0,1,1,1.0,100,0.15267175572519084,False,False,100.0,17
Good,77,188,3,64,27,0,0,100,125,7,7,27,2,15,36,1,1,22,62.0,2,3,0.0,45,0.15267175572519084,False,False,100.0,12
Good,74,222,3,102,24,1,1,96,50,7,2,27,2,37,0,2,2,3,,3,2,0.0,27,0.15267175572519084,True,False,89.0,7
Good,77,409,15,137,33,0,0,100,125,7,7,34,0,26,0,0,0,18,68.0,8,2,0.0,65,0.15267175572519084,False,False,97.0,22
Bad,66,92,2,59,4,2,2,83,25,7,6,6,1,83,36,1,1,30,,1,1,0.5,100,0.15267175572519084,True,False,67.0,6
Bad,72,221,3,76,13,0,0,100,125,7,7,13,4,54,0,3,3,75,96.0,5,4,2.0,100,0.15267175572519084,False,False,100.0,13
Good,65,145,1,51,7,3,2,80,58,7,2,15,2,50,36,1,1,43,61.0,3,2,0.0,100,0.15267175572519084,True,False,47.0,15
Good,87,254,31,106,14,0,0,100,125,7,7,14,0,43,0,2,2,5,,2,2,0.0,44,0.15267175572519084,False,False,100.0,6
Good,87,255,10,111,32,0,0,100,125,7,7,32,2,13,3,1,1,2,,1,3,0.0,27,0.15267175572519084,False,False,100.0,8
Bad,76,87,2,34,30,0,0,100,125,7,7,35,6,34,0,16,16,4,60.0,9,1,0.0,65,0.15267175572519084,False,False,86.0,22
Good,80,173,8,62,17,0,0,100,125,7,7,18,2,67,0,1,1,21,93.0,3,3,0.0,100,0.15267175572519084,False,False,94.0,18
Bad,73,124,5,41,8,0,0,100,125,7,7,8,2,50,36,0,0,84,76.0,2,3,2.0,83,0.15267175572519084,False,False,100.0,6
Bad,61,254,14,112,13,0,0,94,7,6,6,16,0,44,36,4,3,63,77.0,5,5,3.0,91,0.5319148936170213,True,True,81.0,14
Bad,73,374,8,85,27,0,0,96,16,7,6,27,1,26,0,1,1,38,11.0,4,3,2.0,70,0.15267175572519084,True,False,100.0,18
Good,88,185,19,92,28,0,0,100,125,7,7,28,0,50,16,0,0,8,62.0,2,3,0.0,63,0.15267175572519084,False,False,100.0,17
Bad,61,43,3,23,25,0,0,100,125,7,7,25,6,0,0,6,3,44,,12,2,3.0,52,0.15267175572519084,False,False,100.0,13
Bad,64,330,10,112,8,1,0,67,6,6,5,9,1,33,0,0,0,84,89.0,4,2,2.0,75,0.5319148936170213,True,True,89.0,6
Bad,55,234,13,83,20,1,0,70,1,5,5,24,0,22,4,3,3,46,24.0,8,3,2.0,72,0.5319148936170213,True,True,83.0,17
Bad,68,164,3,59,40,1,1,93,17,7,4,43,5,47,0,1,1,24,78.0,7,12,1.0,76,0.15267175572519084,True,False,93.0,32
Good,84,206,4,80,19,0,0,100,125,7,7,19,3,16,0,1,1,1,,2,1,0.0,43,0.15267175572519084,False,False,100.0,8
Good,66,167,24,66,20,0,0,90,4,6,6,22,0,76,36,0,0,25,36.0,1,2,0.0,50,0.5319148936170213,True,True,91.0,11
Good,86,181,3,89,11,0,0,100,125,7,7,11,1,9,1,2,2,5,,2,2,0.0,50,0.15267175572519084,False,False,100.0,5
Good,87,254,21,92,26,0,0,100,125,7,7,26,0,23,0,1,1,0,,2,2,0.0,40,0.15267175572519084,False,False,100.0,10
Bad,63,153,6,68,37,1,1,91,25,7,6,45,1,89,0,0,0,82,74.0,3,5,0.0,100,0.15267175572519084,True,False,82.0,45
Bad,76,134,11,67,28,0,0,100,125,7,7,28,1,21,36,0,0,62,14.0,3,2,1.0,83,0.15267175572519084,False,False,100.0,23
Bad,68,368,4,111,47,0,0,100,125,7,7,49,2,27,0,1,1,78,61.0,21,2,9.0,80,0.15267175572519084,False,False,96.0,39
Bad,67,278,22,87,4,0,0,33,1,6,6,6,0,33,0,1,0,34,17.0,2,2,0.0,67,0.5319148936170213,True,True,67.0,4
Good,77,347,5,172,18,0,0,100,125,7,7,18,1,6,0,0,0,32,,5,1,1.0,75,0.15267175572519084,False,False,100.0,13
Good,83,257,5,68,22,0,0,100,125,7,7,22,2,41,1,2,2,2,60.0,3,6,0.0,64,0.15267175572519084,False,False,100.0,14
Bad,76,107,30,57,5,0,0,83,14,7,6,6,0,50,0,0,0,30,,1,2,0.0,100,0.15267175572519084,True,False,83.0,6
Bad,55,241,5,89,11,3,2,71,2,6,3,14,1,64,0,1,1,78,75.0,3,2,1.0,83,0.5319148936170213,True,True,79.0,11
Bad,93,399,27,174,5,0,0,100,125,7,7,5,0,0,2,1,1,0,,0,2,0.0,0,0.15267175572519084,False,False,100.0,0
Bad,64,139,22,109,3,2,1,80,7,5,5,5,0,60,0,2,2,30,,3,1,0.5,100,0.5319148936170213,True,True,60.0,5
Bad,76,88,2,25,11,0,0,100,125,7,7,13,7,54,36,3,3,0,88.0,0,4,0.0,40,0.15267175572519084,False,False,85.0,5
Good,78,215,1,91,14,0,0,100,125,7,7,15,1,33,0,1,1,62,,1,1,1.0,67,0.15267175572519084,False,False,93.0,10
Good,87,155,4,70,35,0,0,100,125,7,7,36,1,19,0,0,0,2,,2,1,0.0,20,0.15267175572519084,False,False,97.0,7
Bad,65,82,1,43,25,2,1,97,70,7,5,30,3,33,2,4,4,33,53.0,2,8,1.0,56,0.15267175572519084,True,False,83.0,16
Bad,72,84,7,45,21,0,0,95,25,7,6,22,3,50,0,0,0,6,72.0,6,3,0.0,69,0.15267175572519084,True,False,95.0,15
Good,86,269,5,80,25,0,0,100,125,7,7,25,1,16,4,1,1,2,,3,1,0.0,27,0.15267175572519084,False,False,100.0,6
Good,73,161,4,73,43,1,1,84,31,7,4,44,1,20,0,8,8,30,91.0,5,3,1.0,35,0.15267175572519084,True,False,98.0,15
Bad,64,246,16,106,5,3,3,88,57,7,3,8,0,88,36,1,1,30,144.0,3,4,0.5,100,0.15267175572519084,True,False,62.0,8
Bad,88,163,11,87,9,0,0,90,63,7,6,10,1,20,0,0,0,2,,2,2,0.0,40,0.15267175572519084,True,False,90.0,4
Bad,56,151,19,78,38,2,2,90,7,6,3,42,0,67,1,3,3,86,59.0,5,3,1.0,100,0.5319148936170213,True,True,90.0,42
Good,92,343,14,154,18,0,0,100,125,7,7,18,0,28,0,0,0,3,,3,2,0.0,38,0.15267175572519084,False,False,100.0,6
Bad,82,324,43,137,9,0,0,90,79,7,6,10,0,20,0,2,2,2,,1,2,0.0,25,0.15267175572519084,True,False,90.0,2
Good,67,159,6,96,8,1,1,89,63,7,6,9,2,22,0,10,10,77,,5,2,0.0,71,0.15267175572519084,True,False,89.0,6
Bad,77,154,3,55,31,0,0,100,125,7,7,32,6,63,2,2,1,26,74.0,5,14,0.0,86,0.15267175572519084,False,False,97.0,27
Good,84,200,12,69,18,0,0,100,125,7,7,18,0,39,13,0,0,1,86.0,2,2,0.0,40,0.15267175572519084,False,False,100.0,7
Good,66,173,8,58,17,2,1,85,2,2,2,20,4,45,0,0,0,7,68.0,3,2,0.0,75,0.5319148936170213,True,True,85.0,15
Bad,75,175,2,70,13,1,0,93,51,7,2,15,1,53,0,1,1,57,79.0,1,3,0.5,57,0.15267175572519084,True,False,87.0,8
Bad,83,144,18,68,13,0,0,100,125,7,7,13,0,23,0,0,0,3,,3,2,0.0,100,0.15267175572519084,False,False,100.0,13
Good,66,256,9,76,32,0,0,97,16,7,6,33,1,30,0,0,0,34,60.0,6,3,3.0,45,0.15267175572519084,True,False,97.0,14
Good,65,256,15,52,17,0,0,100,125,7,7,19,0,29,2,5,5,57,79.0,2,4,2.0,60,0.15267175572519084,False,False,89.0,11
Good,90,152,28,107,3,0,0,100,125,7,7,3,0,67,13,0,0,0,5.0,0,1,0.0,50,0.15267175572519084,False,False,100.0,1
Bad,81,598,4,205,37,0,0,100,125,7,7,37,2,22,0,1,1,28,7.0,7,4,1.0,50,0.15267175572519084,False,False,100.0,18
Bad,55,171,10,65,52,1,1,98,1,6,6,54,1,69,1,2,2,83,56.0,6,12,2.0,90,0.5319148936170213,True,True,96.0,48
Bad,75,177,4,99,38,0,0,97,2,6,6,38,2,32,36,0,0,13,100.0,6,2,1.0,50,0.5319148936170213,True,True,100.0,19
Good,84,158,13,74,14,0,0,100,125,7,7,16,0,63,0,1,1,16,82.0,2,3,0.0,71,0.15267175572519084,False,False,88.0,11
Good,84,313,6,103,25,0,0,100,125,7,7,25,2,24,11,0,0,10,92.0,4,3,0.0,70,0.15267175572519084,False,False,100.0,17
Good,83,167,16,69,38,1,0,98,66,7,5,40,0,40,0,0,0,9,,3,1,0.0,36,0.15267175572519084,True,False,95.0,14
Bad,74,343,6,93,34,0,0,97,15,7,6,44,3,35,0,3,3,2,73.0,5,3,1.0,42,0.15267175572519084,True,False,77.0,18
Good,89,265,30,129,17,0,0,100,125,7,7,17,0,12,0,1,0,9,,5,1,0.0,50,0.15267175572519084,False,False,100.0,8
Bad,55,144,4,84,20,3,0,83,2,5,5,23,1,43,0,0,0,33,,8,1,1.0,69,0.5319148936170213,True,True,87.0,15
Bad,72,164,2,67,38,0,0,100,125,7,7,42,8,19,36,1,1,55,,7,2,3.0,67,0.15267175572519084,False,False,90.0,28
Good,86,191,7,80,25,0,0,100,125,7,7,26,3,50,1,2,2,16,98.0,1,1,0.0,50,0.15267175572519084,False,False,96.0,13
Good,75,222,2,124,23,2,2,92,62,7,2,25,2,24,0,0,0,30,57.0,4,2,1.0,40,0.15267175572519084,True,False,92.0,10
Good,72,224,23,91,23,1,0,96,49,7,5,24,0,29,0,0,0,48,60.0,3,2,0.0,56,0.15267175572519084,True,False,96.0,13
Good,81,190,6,84,21,0,0,100,125,7,7,21,2,29,7,0,0,8,91.0,5,2,0.0,88,0.15267175572519084,False,False,100.0,18
Bad,63,246,5,113,10,0,0,90,5,6,6,10,1,20,6,0,0,97,,5,1,4.0,86,0.5319148936170213,True,True,100.0,8
Good,82,180,37,106,16,0,0,94,35,7,6,16,0,13,0,2,2,3,,2,1,0.0,38,0.15267175572519084,True,False,100.0,6
Good,70,206,19,75,17,0,0,100,125,7,7,18,0,28,0,1,1,58,,4,1,3.0,60,0.15267175572519084,False,False,94.0,10
Bad,58,33,5,18,12,0,0,100,125,7,7,12,4,50,0,1,1,96,68.0,5,5,4.0,91,0.15267175572519084,False,False,100.0,10
Good,83,187,2,75,30,0,0,100,125,7,7,32,1,45,2,1,1,5,84.0,1,5,0.0,55,0.15267175572519084,False,False,94.0,17
Bad,68,68,10,33,16,0,0,100,125,7,7,16,2,13,0,2,2,53,58.0,5,2,3.0,64,0.15267175572519084,False,False,100.0,10
Good,80,208,12,76,30,1,0,97,23,7,5,31,0,13,0,0,0,1,71.0,5,2,0.0,35,0.15267175572519084,True,False,97.0,10
Good,72,202,2,62,28,0,0,83,7,6,6,30,3,24,2,2,2,6,63.0,2,2,0.0,33,0.5319148936170213,True,True,93.0,9
Good,74,378,7,110,41,0,0,98,35,7,6,42,4,57,0,0,0,44,76.0,4,5,2.0,69,0.15267175572519084,True,False,98.0,28
Good,90,184,71,106,4,0,0,100,125,7,7,4,0,50,0,0,0,0,,0,1,0.0,50,0.15267175572519084,False,False,100.0,2
Bad,60,101,8,34,20,1,0,81,8,6,5,21,2,67,0,0,0,30,89.0,1,8,1.0,82,0.5319148936170213,True,True,95.0,17
Good,86,467,10,123,25,0,0,96,17,7,6,26,1,31,9,0,0,3,34.0,4,1,0.0,50,0.15267175572519084,True,False,96.0,13
Good,81,181,5,62,24,0,0,100,125,7,7,25,3,25,22,0,0,17,2.0,3,2,0.0,56,0.15267175572519084,False,False,96.0,14
Bad,65,94,6,43,31,2,1,91,38,7,5,36,5,42,0,0,0,18,88.0,5,3,0.0,50,0.15267175572519084,True,False,86.0,18
Good,72,135,10,67,25,1,1,92,29,7,2,32,2,31,36,1,1,5,,2,1,0.0,33,0.15267175572519084,True,False,78.0,10
Bad,80,262,0,72,22,0,0,100,125,7,7,24,1,17,0,1,1,20,74.0,5,1,2.0,38,0.15267175572519084,False,False,92.0,9
Good,75,159,10,58,9,1,1,91,66,7,3,11,1,9,0,3,3,15,,2,1,0.0,63,0.15267175572519084,True,False,82.0,6
Bad,77,212,13,80,18,0,0,100,125,7,7,27,0,28,0,2,2,36,,8,1,1.0,91,0.15267175572519084,False,False,67.0,24
Bad,69,155,3,52,31,0,0,100,125,7,7,31,1,29,36,2,2,51,98.0,3,3,2.0,46,0.15267175572519084,False,False,100.0,14
Good,58,128,12,61,29,0,0,97,5,6,6,29,0,45,36,2,2,37,76.0,6,8,2.0,82,0.5319148936170213,True,True,100.0,23
Bad,58,210,14,87,23,0,0,70,1,6,6,23,0,35,0,1,1,53,5.0,6,3,2.0,77,0.5319148936170213,True,True,100.0,17
Bad,81,190,8,82,22,0,0,95,63,7,6,22,3,27,0,0,0,17,49.0,2,2,0.0,44,0.15267175572519084,True,False,100.0,9
Bad,70,83,3,40,26,4,2,80,10,6,4,30,3,33,36,0,0,3,89.0,2,4,0.0,58,0.5319148936170213,True,True,87.0,17
Good,91,197,47,104,18,0,0,100,125,7,7,18,0,11,0,0,0,3,,2,2,0.0,20,0.15267175572519084,False,False,100.0,3
Good,70,118,7,45,17,0,0,88,11,6,6,17,4,35,0,0,0,15,,1,1,0.0,29,0.5319148936170213,True,True,100.0,4
Bad,57,123,13,57,5,6,6,71,29,7,2,8,0,29,0,2,2,100,,1,1,1.0,100,0.15267175572519084,True,False,62.0,8
Good,71,180,2,71,20,0,0,92,16,7,6,26,5,42,2,2,2,37,,4,1,0.0,63,0.15267175572519084,True,False,77.0,16
Bad,84,215,8,73,25,1,0,93,38,7,5,27,1,41,20,0,0,0,,0,2,0.0,17,0.15267175572519084,True,False,93.0,4
Bad,70,74,9,47,16,0,0,100,125,7,7,16,1,50,1,4,4,44,73.0,4,2,2.0,67,0.15267175572519084,False,False,100.0,10
Bad,66,87,13,38,14,1,1,93,29,7,6,16,0,67,0,0,0,48,75.0,2,3,1.0,83,0.15267175572519084,True,False,88.0,13
Good,76,146,12,54,13,0,0,100,125,7,7,14,0,36,0,0,0,48,49.0,2,3,0.0,100,0.15267175572519084,False,False,93.0,14
Good,71,208,20,83,25,0,0,85,13,7,6,26,0,35,0,1,1,10,65.0,3,2,1.0,45,0.15267175572519084,True,False,96.0,11
Bad,43,165,15,80,20,6,4,61,1,5,3,28,0,11,2,2,2,93,,15,2,7.0,100,0.5319148936170213,True,True,71.0,28
Good,87,138,6,89,13,0,0,100,125,7,7,17,1,41,6,0,0,8,,2,1,0.0,75,0.15267175572519084,False,False,76.0,12
Bad,65,369,25,145,40,3,3,91,19,7,2,45,0,36,0,2,2,83,46.0,13,4,6.0,89,0.15267175572519084,True,False,89.0,40
Bad,68,116,1,51,20,0,0,100,125,7,7,21,2,24,0,2,2,50,,6,1,2.0,64,0.15267175572519084,False,False,95.0,13
Good,83,171,2,77,12,0,0,92,55,7,6,14,1,31,0,0,0,12,78.0,2,2,0.0,80,0.15267175572519084,True,False,86.0,11
Bad,68,132,5,43,13,0,0,100,125,7,7,13,2,15,0,2,1,72,,8,1,4.0,82,0.15267175572519084,False,False,100.0,10
Bad,66,113,2,65,21,1,0,96,31,7,5,23,2,35,6,0,0,66,96.0,6,5,3.0,86,0.15267175572519084,True,False,91.0,19
Bad,73,134,1,33,3,1,1,86,29,7,3,7,3,29,0,2,2,5,,2,1,1.0,75,0.15267175572519084,True,False,43.0,5
Good,77,242,15,97,23,0,0,100,125,7,7,23,0,4,0,0,0,44,,5,1,2.0,50,0.15267175572519084,False,False,100.0,11
Bad,67,325,13,106,12,0,0,62,1,6,6,33,0,38,36,0,0,92,14.0,2,2,0.5,80,0.5319148936170213,True,True,36.0,26
Bad,62,118,6,56,13,1,1,73,5,6,6,16,1,33,0,1,1,39,18.0,2,2,0.0,80,0.5319148936170213,True,True,81.0,12
Bad,60,163,2,57,43,1,0,96,22,7,5,47,11,44,0,8,8,35,62.0,7,1,1.0,47,0.15267175572519084,True,False,91.0,22
Good,86,191,7,82,27,0,0,100,125,7,7,28,1,22,7,0,0,0,,0,1,0.0,8,0.15267175572519084,False,False,96.0,2
Bad,62,163,11,53,22,0,0,87,23,7,6,23,1,39,0,0,0,68,92.0,6,2,3.0,89,0.15267175572519084,True,False,96.0,20
Bad,86,294,9,118,16,0,0,100,125,7,7,16,1,19,0,0,0,18,,2,2,0.0,44,0.15267175572519084,False,False,100.0,7
Good,80,234,0,62,27,0,0,100,125,7,7,35,4,26,0,3,3,22,,4,1,2.0,38,0.15267175572519084,False,False,77.0,13
Bad,58,129,2,23,21,0,0,100,125,7,7,23,7,36,36,4,2,74,74.0,8,4,2.0,93,0.15267175572519084,False,False,91.0,21
Good,72,403,31,180,23,0,0,87,56,7,6,23,0,17,0,1,1,53,,9,1,3.0,83,0.15267175572519084,True,False,100.0,19
Bad,60,159,2,36,27,0,0,96,4,6,6,28,6,36,36,2,2,58,55.0,13,3,2.0,100,0.5319148936170213,True,True,96.0,28
Bad,61,102,8,57,5,2,1,71,23,7,3,7,2,14,0,0,0,97,,3,1,1.0,80,0.15267175572519084,True,False,71.0,5
Good,66,93,1,49,24,1,1,81,38,7,2,27,4,19,0,0,0,47,57.0,3,3,1.0,64,0.15267175572519084,True,False,89.0,17
Bad,77,123,2,46,16,0,0,100,125,7,7,17,5,47,36,2,2,18,87.0,3,4,0.5,64,0.15267175572519084,False,False,94.0,10
Bad,61,206,5,89,30,0,0,90,34,7,6,30,2,20,0,1,1,61,28.0,10,2,5.0,72,0.15267175572519084,True,False,100.0,21
Good,85,207,3,63,21,0,0,100,125,7,7,21,1,29,4,1,1,9,70.0,3,2,0.0,45,0.15267175572519084,False,False,100.0,9
Bad,57,212,2,87,29,1,1,94,61,7,6,32,4,47,0,5,5,57,69.0,6,2,2.0,73,0.15267175572519084,True,False,91.0,23
Bad,66,59,10,34,4,0,0,100,125,7,7,4,2,75,0,5,5,89,74.0,1,2,0.5,100,0.15267175572519084,False,False,100.0,4
Bad,59,220,2,70,29,0,0,97,4,6,6,30,2,47,0,0,0,55,89.0,4,3,3.0,70,0.5319148936170213,True,True,97.0,21
Bad,64,141,1,29,23,1,1,96,39,7,2,26,7,12,1,7,7,34,87.0,10,2,0.0,82,0.15267175572519084,True,False,88.0,21
Bad,73,213,1,149,15,0,0,89,18,7,6,18,2,28,36,0,0,58,,5,2,1.0,63,0.15267175572519084,True,False,83.0,11
Bad,73,159,7,60,16,0,0,94,15,7,6,16,3,44,36,0,0,72,94.0,5,2,0.0,100,0.15267175572519084,True,False,100.0,16
Bad,65,106,5,42,11,1,0,92,22,7,5,13,3,31,0,2,2,60,,4,1,1.0,83,0.15267175572519084,True,False,85.0,10
Good,65,184,7,77,24,2,2,88,4,6,2,27,1,46,0,2,2,19,80.0,1,3,0.0,44,0.5319148936170213,True,True,89.0,11
Bad,55,156,5,65,59,1,1,98,2,6,6,59,5,36,1,12,11,44,91.0,7,5,1.0,92,0.5319148936170213,True,True,100.0,54
Bad,57,206,1,84,53,1,1,94,61,2,6,83,1,31,1,2,2,60,97.0,11,3,3.0,75,0.5319148936170213,True,True,64.0,62
Good,80,124,10,54,17,1,0,94,69,7,5,18,1,44,0,2,1,28,62.0,2,3,0.0,63,0.15267175572519084,True,False,94.0,11
Bad,84,394,3,134,26,0,0,96,16,7,6,27,3,56,0,1,1,7,80.0,5,3,0.0,73,0.15267175572519084,True,False,96.0,19
Bad,60,79,6,32,18,0,0,100,125,7,7,19,6,26,0,4,4,20,100.0,6,2,1.0,57,0.15267175572519084,False,False,95.0,10
Good,68,110,9,41,32,0,0,100,125,7,7,32,1,25,0,1,1,92,65.0,3,2,2.0,71,0.15267175572519084,False,False,100.0,22
Bad,71,164,10,81,12,0,0,100,125,7,7,12,1,33,0,1,0,83,40.0,5,2,2.0,78,0.15267175572519084,False,False,100.0,9
Bad,63,177,6,116,28,0,0,87,2,6,6,29,2,50,0,9,9,52,40.0,3,9,0.0,72,0.5319148936170213,True,True,97.0,20
Good,65,521,10,159,36,0,0,90,3,6,6,39,1,41,0,0,0,19,85.0,7,2,0.0,64,0.5319148936170213,True,True,92.0,24
Bad,67,299,2,79,25,0,0,89,15,7,6,27,3,37,0,12,11,63,63.0,13,3,4.0,94,0.15267175572519084,True,False,93.0,25
Good,75,69,1,39,16,0,0,100,125,7,7,18,4,17,0,2,2,21,,4,1,0.0,50,0.15267175572519084,False,False,89.0,9
Good,66,130,2,44,12,0,0,92,4,6,6,13,1,23,0,1,1,32,52.0,5,2,1.0,70,0.5319148936170213,True,True,92.0,9
Good,79,197,17,100,15,0,0,93,29,7,6,15,0,40,5,1,1,48,26.0,1,2,1.0,75,0.15267175572519084,True,False,100.0,11
Bad,67,189,13,111,8,4,4,70,68,7,3,10,0,50,0,1,1,97,,1,1,1.0,100,0.15267175572519084,True,False,80.0,10
Bad,64,129,50,80,11,1,1,88,21,7,6,18,0,59,0,0,0,85,,2,2,0.0,75,0.15267175572519084,True,False,61.0,13
Good,80,248,9,141,27,0,0,100,125,7,7,30,1,30,36,1,1,23,91.0,2,3,1.0,56,0.15267175572519084,False,False,90.0,16
Good,69,216,36,82,15,1,1,93,24,7,6,15,0,33,0,0,0,51,,8,1,0.0,100,0.15267175572519084,True,False,100.0,15
Good,67,203,45,144,12,1,1,86,2,2,2,23,0,36,36,0,0,76,90.0,3,2,0.0,83,0.5319148936170213,True,True,52.0,19
Good,73,192,6,74,27,0,0,100,125,7,7,27,1,41,0,1,1,24,,6,4,2.0,59,0.15267175572519084,False,False,100.0,15
Good,70,193,2,57,22,0,0,100,125,7,7,23,2,22,18,0,0,53,80.0,6,4,1.0,63,0.15267175572519084,False,False,96.0,14
Bad,74,462,1,58,15,0,0,100,125,7,7,45,6,17,0,2,2,18,,6,2,2.0,67,0.15267175572519084,False,False,33.0,30
Bad,60,313,2,78,27,4,1,76,9,6,3,33,4,36,0,5,5,42,30.0,6,2,1.0,73,0.5319148936170213,True,True,82.0,24
Good,72,140,3,80,27,0,0,96,66,7,6,27,3,44,36,0,0,22,39.0,5,4,1.0,75,0.15267175572519084,True,False,100.0,20
Bad,78,191,16,100,10,2,2,91,55,7,2,11,0,45,0,0,0,5,,2,1,0.0,75,0.15267175572519084,True,False,91.0,8
Bad,65,155,3,62,39,0,0,80,26,7,6,40,7,48,4,1,1,45,66.0,4,5,1.0,71,0.15267175572519084,True,False,98.0,28
Good,75,97,0,43,28,0,0,100,125,7,7,30,4,67,0,5,5,48,79.0,3,5,1.0,89,0.15267175572519084,False,False,93.0,26
Bad,77,166,5,50,9,0,0,100,125,7,7,40,2,33,36,1,1,56,96.0,3,3,1.0,100,0.15267175572519084,False,False,22.0,40
Good,65,165,3,53,27,2,1,86,61,7,4,35,5,41,36,6,6,31,60.0,6,3,1.0,69,0.15267175572519084,True,False,77.0,24
Bad,70,132,1,41,21,0,0,100,125,7,7,23,9,22,36,3,3,50,99.0,3,1,1.0,50,0.15267175572519084,False,False,91.0,11
Bad,72,209,2,95,41,0,0,100,125,7,7,42,3,38,0,1,1,42,,7,2,2.0,82,0.15267175572519084,False,False,98.0,34
Good,89,209,1,96,22,0,0,100,125,7,7,26,3,38,5,1,1,18,59.0,2,3,0.0,71,0.15267175572519084,False,False,85.0,18
Good,90,414,8,102,22,0,0,100,125,7,7,22,1,36,8,0,0,0,93.0,1,2,0.0,33,0.15267175572519084,False,False,100.0,7
Good,77,129,15,66,19,0,0,95,48,7,6,19,0,47,14,0,0,40,29.0,2,2,0.0,80,0.15267175572519084,True,False,100.0,15
Good,61,113,20,54,3,5,5,50,29,7,2,6,0,67,36,0,0,30,10.0,3,2,0.5,100,0.15267175572519084,True,False,50.0,6
Good,71,180,9,46,15,0,0,88,21,7,6,16,3,44,8,0,0,32,89.0,3,2,0.0,63,0.15267175572519084,True,False,94.0,10
Bad,56,165,1,71,1,6,5,75,34,7,5,9,2,50,0,3,3,0,,0,1,0.0,67,0.15267175572519084,True,False,11.0,6
Good,80,360,2,114,27,0,0,97,25,7,6,29,2,62,0,1,1,10,100.0,3,2,2.0,63,0.15267175572519084,True,False,93.0,18
Good,80,138,44,97,26,0,0,100,125,7,7,34,0,62,6,0,0,8,,1,1,0.0,33,0.15267175572519084,False,False,76.0,11
Good,58,78,4,46,18,0,0,95,23,7,6,19,3,16,36,2,2,87,,11,1,5.0,80,0.15267175572519084,True,False,95.0,15
Good,91,429,59,161,9,0,0,100,125,7,7,9,0,11,0,0,0,9,,2,2,0.0,50,0.15267175572519084,False,False,100.0,4
Good,77,171,2,73,23,0,0,100,125,7,7,24,2,29,2,5,5,19,25.0,3,2,0.0,50,0.15267175572519084,False,False,96.0,12
Bad,79,130,5,71,31,0,0,100,125,7,7,32,2,55,0,2,2,32,88.0,2,7,0.0,75,0.15267175572519084,False,False,97.0,24
Good,67,125,6,57,19,2,0,81,12,7,5,22,4,19,23,1,0,16,48.0,3,3,0.0,55,0.15267175572519084,True,False,86.0,12
Bad,69,41,15,33,5,0,0,89,28,7,6,9,0,100,0,1,1,30,50.0,3,2,0.5,100,0.15267175572519084,True,False,56.0,9
Good,78,249,7,86,37,0,0,100,125,7,7,54,5,42,2,4,4,41,84.0,4,6,0.0,79,0.15267175572519084,False,False,69.0,42
Good,75,162,8,93,18,1,1,95,25,7,2,19,1,26,0,0,0,19,82.0,4,3,0.0,78,0.15267175572519084,True,False,95.0,14
Bad,75,113,97,105,2,0,0,100,125,7,7,2,0,0,0,0,0,101,,2,2,1.0,100,0.15267175572519084,False,False,100.0,2
Bad,71,162,11,51,13,0,0,92,13,7,6,13,1,15,0,0,0,51,,3,1,1.0,50,0.15267175572519084,True,False,100.0,6
Bad,58,183,11,36,30,0,0,100,125,7,7,32,3,17,36,8,7,87,,15,2,10.0,81,0.15267175572519084,False,False,94.0,25
Bad,72,141,1,66,10,0,0,83,15,7,6,12,2,25,0,1,1,49,94.0,2,1,1.0,33,0.15267175572519084,True,False,83.0,3
Good,64,240,4,83,33,0,0,94,48,7,6,37,1,58,36,1,1,62,80.0,6,4,2.0,77,0.15267175572519084,True,False,89.0,28
Bad,65,75,10,32,16,0,0,88,2,6,6,16,2,25,4,2,2,37,83.0,7,2,0.0,69,0.5319148936170213,True,True,100.0,11
Bad,76,325,6,79,20,0,0,95,11,6,6,20,1,45,0,3,2,3,64.0,2,4,0.0,80,0.5319148936170213,True,True,100.0,16
Bad,76,132,5,54,24,0,0,96,80,7,6,24,3,17,36,1,1,15,91.0,4,2,1.0,75,0.15267175572519084,True,False,100.0,18
Good,60,160,3,48,16,0,0,81,5,6,6,16,4,31,4,2,2,65,74.0,2,3,1.0,63,0.5319148936170213,True,True,100.0,10
Good,67,106,3,44,15,1,1,88,7,6,2,17,1,38,0,5,5,0,85.0,1,4,0.0,56,0.5319148936170213,True,True,88.0,9
Good,65,108,4,51,29,0,0,97,69,7,6,29,3,45,0,0,0,58,108.0,8,6,2.0,74,0.15267175572519084,True,False,100.0,21
Good,64,231,2,62,28,1,1,97,22,7,2,30,2,23,1,2,2,63,55.0,9,1,4.0,56,0.15267175572519084,True,False,93.0,16
Bad,72,79,2,26,13,0,0,100,125,7,7,15,2,27,0,1,1,28,65.0,6,3,1.0,69,0.15267175572519084,False,False,87.0,10
Good,65,165,2,43,25,0,0,100,125,7,7,26,7,15,0,2,1,35,96.0,7,3,2.0,59,0.15267175572519084,False,False,96.0,15
Bad,67,215,17,75,34,0,0,100,125,7,7,34,0,50,36,0,0,90,75.0,9,2,6.0,85,0.15267175572519084,False,False,100.0,28
Bad,66,180,6,59,31,0,0,100,125,7,7,31,3,35,36,0,0,60,70.0,5,4,2.0,82,0.15267175572519084,False,False,100.0,25
Bad,55,89,18,45,13,2,2,87,2,2,2,15,0,13,0,0,0,37,,3,1,1.0,57,0.5319148936170213,True,True,87.0,8
Bad,61,271,9,86,26,0,0,89,3,6,6,27,1,56,0,1,1,57,67.0,6,5,2.0,92,0.5319148936170213,True,True,96.0,24
Bad,70,296,23,164,13,1,1,92,45,7,6,13,0,31,36,1,0,39,2.0,3,2,1.0,63,0.15267175572519084,True,False,100.0,8
Bad,68,353,1,131,10,7,2,50,20,7,4,20,1,40,0,2,2,27,,2,2,1.0,50,0.15267175572519084,True,False,50.0,10
Good,82,96,5,47,16,0,0,100,125,7,7,16,3,31,0,0,0,15,88.0,4,2,0.0,67,0.15267175572519084,False,False,100.0,10
Bad,56,146,3,41,37,0,0,100,125,7,7,41,4,24,4,1,1,75,75.0,15,2,5.0,90,0.15267175572519084,False,False,90.0,36
Bad,77,179,11,60,20,0,0,90,51,7,6,20,1,25,0,2,2,23,78.0,1,1,1.0,18,0.15267175572519084,True,False,100.0,3
Bad,81,79,9,45,12,0,0,100,125,7,7,16,2,44,0,0,0,7,82.0,3,2,0.0,56,0.15267175572519084,False,False,75.0,8
Good,85,173,16,51,9,0,0,100,125,7,7,28,0,0,0,1,1,13,,4,2,0.0,80,0.15267175572519084,False,False,32.0,22
Good,64,223,3,77,21,0,0,100,125,7,7,21,1,10,0,6,6,93,,6,1,3.0,100,0.15267175572519084,False,False,100.0,21
Good,85,149,8,63,15,0,0,100,125,7,7,15,1,40,0,2,2,5,32.0,1,3,0.0,44,0.15267175572519084,False,False,100.0,6
Good,72,186,4,83,22,1,1,80,12,7,3,26,1,16,4,1,1,68,27.0,4,2,2.0,50,0.15267175572519084,True,False,85.0,13
Good,70,97,4,48,20,0,0,100,125,7,7,20,4,50,36,3,3,45,68.0,4,2,2.0,60,0.15267175572519084,False,False,100.0,12
Good,75,124,11,60,11,1,1,85,24,7,3,13,1,15,0,6,6,0,,1,1,0.0,38,0.15267175572519084,True,False,85.0,4
Good,63,154,7,75,26,0,0,88,10,6,6,26,3,27,2,1,1,69,,5,1,2.0,75,0.5319148936170213,True,True,100.0,19
Bad,77,269,15,54,10,0,0,100,125,7,7,11,0,60,0,1,1,27,75.0,2,2,1.0,80,0.15267175572519084,False,False,91.0,8
Bad,56,125,4,47,10,0,0,83,3,6,6,12,1,17,0,1,1,85,,4,1,4.0,71,0.5319148936170213,True,True,83.0,8
Bad,59,183,2,73,28,1,1,90,2,2,2,31,2,32,0,10,10,66,62.0,5,3,1.0,57,0.5319148936170213,True,True,90.0,17
Bad,85,143,1,71,12,0,0,100,125,7,7,13,3,23,1,1,1,12,100.0,2,2,0.0,50,0.15267175572519084,False,False,92.0,6
Good,75,325,7,101,23,1,1,96,65,7,6,24,1,63,6,0,0,47,70.0,4,4,0.0,89,0.15267175572519084,True,False,96.0,21
Bad,91,325,4,103,23,0,0,100,125,7,7,26,2,77,3,1,1,4,58.0,2,5,0.0,64,0.15267175572519084,False,False,88.0,16
Good,80,265,2,92,40,0,0,95,33,7,6,42,2,38,0,1,1,7,100.0,4,6,1.0,71,0.15267175572519084,True,False,95.0,29
Good,87,210,19,110,8,0,0,100,125,7,7,10,0,50,18,0,0,19,,2,1,0.0,60,0.15267175572519084,False,False,80.0,6
Bad,78,199,7,73,39,0,0,95,22,7,6,40,1,21,36,1,0,15,19.0,2,5,1.0,50,0.15267175572519084,True,False,98.0,20
Bad,82,192,8,88,17,0,0,94,81,7,6,17,1,35,36,0,0,0,92.0,1,2,0.0,38,0.15267175572519084,True,False,100.0,6
Good,68,110,5,48,14,0,0,71,23,7,6,14,1,43,0,1,1,30,78.0,3,2,1.0,83,0.15267175572519084,True,False,100.0,11
Bad,64,79,3,38,16,0,0,100,125,7,7,18,5,29,36,8,8,53,99.0,5,1,1.0,86,0.15267175572519084,False,False,89.0,15
Good,83,102,5,40,14,0,0,100,125,7,7,15,6,14,0,1,1,8,,1,1,0.0,18,0.15267175572519084,False,False,93.0,2
Bad,65,269,10,100,14,0,0,93,6,6,6,14,1,36,0,1,1,86,72.0,4,3,1.0,100,0.5319148936170213,True,True,100.0,14
Good,86,235,7,111,20,0,0,100,125,7,7,20,1,25,0,0,0,12,70.0,7,2,0.0,90,0.15267175572519084,False,False,100.0,18
Bad,68,377,10,81,16,1,0,90,58,7,5,21,3,29,0,2,1,54,35.0,8,2,1.0,85,0.15267175572519084,True,False,76.0,17
Good,87,441,7,114,20,0,0,100,125,7,7,21,2,30,36,3,3,3,50.0,2,1,1.0,33,0.15267175572519084,False,False,95.0,6
Good,65,14,0,4,3,0,0,100,125,7,7,6,5,33,36,9,9,1,98.0,1,2,0.0,50,0.15267175572519084,False,False,50.0,3
Bad,63,70,6,35,5,2,2,83,66,7,2,7,2,67,0,9,7,15,81.0,1,2,0.5,100,0.15267175572519084,True,False,71.0,7
Bad,82,133,14,88,9,0,0,100,125,7,7,9,0,44,0,0,0,0,,0,1,0.5,50,0.15267175572519084,False,False,100.0,4
Bad,68,118,7,64,11,0,0,86,9,6,6,14,1,64,0,1,1,27,65.0,1,5,0.0,100,0.5319148936170213,True,True,79.0,14
Good,91,342,42,130,14,0,0,100,125,7,7,14,0,36,0,0,0,3,,2,2,0.0,50,0.15267175572519084,False,False,100.0,7
Bad,67,150,3,80,22,1,1,88,21,7,4,25,2,24,0,0,0,67,99.0,4,2,2.0,78,0.15267175572519084,True,False,88.0,19
Good,76,109,10,50,14,0,0,100,125,7,7,14,3,71,0,2,2,0,93.0,0,2,0.5,40,0.15267175572519084,False,False,100.0,5
Bad,70,167,2,61,19,0,0,70,11,6,6,20,2,35,0,1,1,4,76.0,3,3,0.0,70,0.5319148936170213,True,True,95.0,14
Bad,74,390,0,81,24,1,1,93,7,2,2,27,3,44,0,1,1,26,87.0,2,2,0.0,40,0.5319148936170213,True,True,89.0,10
Bad,65,111,19,63,23,1,1,92,25,7,2,25,0,64,0,4,4,72,114.0,1,8,0.0,90,0.15267175572519084,True,False,92.0,22
Good,85,208,2,73,11,0,0,100,125,7,7,13,2,38,1,2,2,19,,2,2,1.0,80,0.15267175572519084,False,False,85.0,10
Bad,65,157,6,44,13,1,0,93,30,7,5,14,4,36,4,1,1,23,80.0,3,2,0.5,67,0.15267175572519084,True,False,93.0,9
Good,72,214,17,61,21,0,0,100,125,7,7,21,0,33,0,0,0,66,66.0,7,2,2.0,64,0.15267175572519084,False,False,100.0,13
Bad,66,322,17,102,28,0,0,100,125,7,7,28,0,43,0,1,1,67,72.0,6,6,3.0,71,0.15267175572519084,False,False,100.0,19
Good,87,133,11,88,14,0,0,100,125,7,7,22,1,14,22,0,0,3,14.0,1,1,0.0,67,0.15267175572519084,False,False,64.0,14
Bad,75,224,4,63,18,1,0,84,10,6,5,19,5,26,0,0,0,15,,4,1,1.0,56,0.5319148936170213,True,True,95.0,10
Good,73,207,11,66,23,0,0,92,2,6,6,24,1,33,10,0,0,0,14.0,1,3,0.0,80,0.5319148936170213,True,True,96.0,19
Bad,61,21,4,9,9,0,0,100,125,7,7,9,6,78,0,3,3,73,68.0,1,3,1.0,80,0.15267175572519084,False,False,100.0,7
Good,72,257,3,124,13,2,2,93,80,7,6,14,1,36,3,1,1,27,81.0,1,1,0.0,100,0.15267175572519084,True,False,93.0,14
Good,84,288,2,85,11,0,0,100,125,7,7,13,1,38,17,1,0,20,,2,1,1.0,38,0.15267175572519084,False,False,85.0,4
Bad,74,340,11,74,21,0,0,95,20,7,6,21,1,29,0,1,1,33,81.0,7,2,1.0,69,0.15267175572519084,True,False,100.0,14
Bad,65,397,4,149,18,2,1,76,1,6,5,21,2,48,0,1,1,0,,1,1,0.0,67,0.5319148936170213,True,True,86.0,14
Good,77,368,29,130,16,1,1,71,29,7,3,17,0,18,0,0,0,12,31.0,4,1,0.0,50,0.15267175572519084,True,False,94.0,8
Good,66,147,4,68,37,5,4,90,73,7,2,42,3,43,1,1,1,65,78.0,10,3,2.0,87,0.15267175572519084,True,False,88.0,36
Good,81,151,19,82,21,1,0,95,63,7,5,22,0,23,0,0,0,1,46.0,1,4,0.0,100,0.15267175572519084,True,False,95.0,22
Bad,60,110,25,53,1,1,0,67,7,6,5,4,0,67,0,6,6,30,,3,2,0.5,67,0.5319148936170213,True,True,25.0,2
Bad,68,164,12,78,48,1,1,94,6,6,6,50,0,29,0,2,2,67,56.0,4,10,2.0,74,0.5319148936170213,True,True,96.0,37
Good,65,121,16,68,21,0,0,95,14,7,6,21,0,24,36,0,0,87,30.0,5,2,4.0,78,0.15267175572519084,True,False,100.0,16
Good,87,321,8,96,40,0,0,100,125,7,7,41,2,10,0,1,0,2,,8,1,0.0,38,0.15267175572519084,False,False,98.0,15
Bad,76,168,12,63,21,1,1,88,66,7,4,24,0,54,19,0,0,48,67.0,3,6,0.0,69,0.15267175572519084,True,False,88.0,16
Bad,71,85,4,50,48,0,0,100,125,7,7,49,4,4,2,6,6,12,,7,1,1.0,27,0.15267175572519084,False,False,98.0,13
Good,79,463,3,88,45,0,0,100,125,7,7,46,5,20,3,1,1,12,98.0,3,2,0.0,56,0.15267175572519084,False,False,98.0,25
Good,78,149,5,57,22,0,0,100,125,7,7,22,3,27,0,1,1,16,96.0,4,3,0.0,73,0.15267175572519084,False,False,100.0,16
Good,89,255,32,106,9,0,0,100,125,7,7,9,0,22,0,1,1,2,,2,1,0.5,100,0.15267175572519084,False,False,100.0,9
Bad,64,173,2,77,7,0,0,100,125,7,7,8,2,0,0,5,4,100,,3,2,2.0,100,0.15267175572519084,False,False,88.0,8
Bad,60,47,12,31,2,0,0,33,5,6,6,3,0,33,0,0,0,72,,1,2,0.0,100,0.5319148936170213,True,True,67.0,3
Bad,81,63,6,37,13,0,0,100,125,7,7,13,2,31,36,0,0,10,57.0,4,2,0.0,60,0.15267175572519084,False,False,100.0,7
Good,71,236,1,69,19,0,0,91,2,6,6,22,3,50,1,4,3,18,,3,2,0.0,56,0.5319148936170213,True,True,86.0,12
Bad,85,194,4,82,30,0,0,100,125,7,7,34,1,26,2,2,2,4,,3,1,0.0,42,0.15267175572519084,False,False,88.0,14
Bad,72,126,12,64,15,0,0,100,125,7,7,15,0,47,0,2,2,77,69.0,4,2,2.0,75,0.15267175572519084,False,False,100.0,11
Bad,76,333,7,144,25,0,0,100,125,7,7,25,2,36,10,0,0,40,70.0,6,4,1.0,69,0.15267175572519084,False,False,100.0,17
Bad,65,360,14,67,10,1,1,55,17,7,3,11,0,45,0,0,0,49,,2,1,0.5,60,0.15267175572519084,True,False,91.0,6
Bad,84,341,11,100,11,0,0,100,125,7,7,11,1,36,0,2,2,23,83.0,3,2,0.0,83,0.15267175572519084,False,False,100.0,9
Bad,61,83,6,45,18,1,1,83,43,7,6,19,3,33,0,0,0,84,92.0,4,3,4.0,73,0.15267175572519084,True,False,95.0,13
Bad,66,278,8,66,6,2,0,75,45,7,5,8,2,75,0,4,4,47,86.0,1,2,0.0,100,0.15267175572519084,True,False,75.0,8
Good,76,381,5,120,18,1,1,89,40,7,3,19,2,42,36,3,3,29,36.0,2,3,1.0,56,0.15267175572519084,True,False,95.0,10
Bad,62,137,5,81,9,4,4,62,34,7,4,13,1,38,0,1,1,46,,2,1,1.0,100,0.15267175572519084,True,False,69.0,13
Bad,65,330,1,113,17,2,2,89,25,7,6,21,2,16,0,1,1,54,100.0,5,1,2.0,78,0.15267175572519084,True,False,81.0,16
Bad,77,278,0,73,15,0,0,94,38,7,6,16,2,31,0,0,0,22,,6,1,2.0,64,0.15267175572519084,True,False,94.0,10
Bad,68,373,12,88,21,0,0,90,63,7,6,21,0,19,0,4,4,50,,6,1,4.0,58,0.15267175572519084,True,False,100.0,12
Bad,76,258,17,127,10,0,0,80,17,7,6,10,0,20,0,0,0,40,,1,1,1.0,22,0.15267175572519084,True,False,100.0,2
Good,92,152,15,154,14,0,0,100,125,7,7,15,0,47,36,0,0,7,79.0,2,2,0.0,80,0.15267175572519084,False,False,93.0,12
Bad,65,209,20,99,20,6,2,79,3,2,2,30,0,50,0,1,1,27,54.0,4,9,0.0,81,0.5319148936170213,True,True,67.0,24
Bad,71,295,26,102,20,1,0,91,11,6,2,22,0,27,0,1,1,53,58.0,2,2,0.0,67,0.5319148936170213,True,True,91.0,14
Bad,62,200,2,78,30,0,0,90,5,6,6,31,2,26,0,0,0,53,,6,1,0.0,54,0.5319148936170213,True,True,97.0,16
Good,87,195,70,207,20,0,0,100,125,7,7,21,0,29,36,0,0,11,,2,2,0.0,50,0.15267175572519084,False,False,95.0,10
Good,78,299,3,102,26,0,0,90,14,7,6,31,1,35,0,0,0,7,38.0,2,2,0.0,45,0.15267175572519084,True,False,84.0,13
Good,76,284,7,92,13,1,1,93,66,7,3,15,1,43,4,1,1,27,20.0,1,3,0.0,100,0.15267175572519084,True,False,87.0,15
Good,92,399,43,150,30,0,0,100,125,7,7,30,0,3,0,0,0,1,,4,1,0.0,33,0.15267175572519084,False,False,100.0,9
Bad,71,128,3,68,12,1,1,85,27,7,3,13,3,23,0,0,0,80,99.0,6,2,1.0,80,0.15267175572519084,True,False,92.0,10
Bad,61,184,7,55,4,2,2,67,3,2,2,6,1,67,0,0,0,14,74.0,1,3,0.0,100,0.5319148936170213,True,True,67.0,6
Bad,72,63,3,38,5,0,0,100,125,7,7,5,1,0,0,3,3,85,,4,2,1.0,100,0.15267175572519084,False,False,100.0,5
Good,59,247,4,92,31,4,3,97,44,7,5,33,3,21,2,4,3,53,,5,1,3.0,47,0.15267175572519084,True,False,94.0,15
Bad,63,102,4,56,5,4,3,38,11,6,3,13,1,38,0,0,0,16,81.0,1,4,0.0,83,0.5319148936170213,True,True,38.0,10
Bad,64,162,14,47,9,1,1,80,6,6,2,10,0,60,0,0,0,88,66.0,3,3,2.0,100,0.5319148936170213,True,True,90.0,10
Good,74,202,19,81,32,0,0,97,36,7,6,32,0,44,36,0,0,42,,3,2,0.0,71,0.15267175572519084,True,False,100.0,22
Good,59,48,10,23,21,0,0,100,125,7,7,22,2,43,1,3,2,52,87.0,5,4,3.0,75,0.15267175572519084,False,False,95.0,16
Good,89,112,23,73,15,0,0,100,125,7,7,15,0,40,36,0,0,1,48.0,2,2,0.0,50,0.15267175572519084,False,False,100.0,7
Bad,71,124,7,53,12,1,1,92,37,7,2,14,1,64,0,1,1,43,34.0,2,3,1.0,75,0.15267175572519084,True,False,86.0,10
Bad,75,159,6,82,11,1,1,92,78,7,3,13,3,38,0,0,0,40,76.0,3,1,0.0,100,0.15267175572519084,True,False,85.0,13
Good,77,174,10,98,19,0,0,100,125,7,7,21,2,33,0,1,1,33,50.0,7,2,0.0,75,0.15267175572519084,False,False,90.0,15
Good,77,390,6,103,30,0,0,100,125,7,7,30,3,43,0,1,1,45,79.0,3,3,1.0,60,0.15267175572519084,False,False,100.0,18
Bad,66,46,6,26,10,0,0,100,125,7,7,10,1,70,0,3,3,94,59.0,2,3,1.0,83,0.15267175572519084,False,False,100.0,8
Bad,74,145,3,50,15,0,0,100,125,7,7,15,2,33,0,1,1,46,,4,1,1.0,86,0.15267175572519084,False,False,100.0,12
Good,83,283,6,75,26,0,0,100,125,7,7,26,1,50,0,1,1,22,73.0,2,2,0.0,67,0.15267175572519084,False,False,100.0,17
Bad,67,141,6,52,11,0,0,100,125,7,7,12,3,67,0,1,1,91,96.0,3,2,1.0,100,0.15267175572519084,False,False,92.0,12
Bad,91,454,89,173,9,0,0,100,125,7,7,9,0,33,0,1,1,1,,1,2,0.0,33,0.15267175572519084,False,False,100.0,2
Good,75,264,7,89,54,0,0,98,24,7,6,55,1,36,0,1,1,33,55.0,5,4,1.0,67,0.15267175572519084,True,False,98.0,36
Bad,77,199,18,64,22,0,0,96,22,7,6,24,0,46,0,0,0,0,54.0,1,4,0.0,63,0.15267175572519084,True,False,92.0,15
Bad,82,190,12,56,11,0,0,100,125,7,7,11,0,73,0,0,0,8,75.0,1,3,0.0,80,0.15267175572519084,False,False,100.0,8
Bad,55,189,19,81,35,2,1,78,1,2,2,42,0,44,0,3,3,67,36.0,5,2,1.0,64,0.5319148936170213,True,True,83.0,26
Bad,83,321,2,103,31,0,0,100,125,7,7,35,4,20,5,1,1,33,97.0,9,3,0.0,71,0.15267175572519084,False,False,89.0,24
Good,70,266,23,107,23,0,0,100,125,7,7,24,0,50,2,2,2,57,75.0,5,4,2.0,64,0.15267175572519084,False,False,96.0,15
Bad,59,117,18,73,7,1,1,50,17,7,2,8,0,50,0,0,0,76,58.0,1,3,1.0,80,0.15267175572519084,True,False,88.0,6
Good,83,151,4,62,10,0,0,100,125,7,7,10,1,20,23,0,0,33,,3,1,0.0,67,0.15267175572519084,False,False,100.0,6
Good,87,325,6,102,27,0,0,100,125,7,7,27,3,41,0,1,1,1,72.0,7,5,0.0,71,0.15267175572519084,False,False,100.0,19
Good,80,95,30,65,5,0,0,80,67,7,6,5,0,60,0,0,0,2,57.0,1,1,0.0,67,0.15267175572519084,True,False,100.0,3
Good,69,151,32,84,14,1,1,93,3,3,3,15,0,40,0,1,0,1,21.0,1,2,0.0,75,0.5319148936170213,True,True,93.0,11
Bad,59,179,11,40,28,0,0,100,125,7,7,28,3,11,0,1,1,62,65.0,8,1,4.0,75,0.15267175572519084,False,False,100.0,21
Bad,61,215,28,105,18,4,2,68,11,6,4,25,0,44,2,2,2,34,89.0,2,2,0.0,71,0.5319148936170213,True,True,72.0,17
Good,73,354,7,86,26,0,0,100,125,7,7,26,3,38,0,1,1,49,82.0,4,3,2.0,70,0.15267175572519084,False,False,100.0,18
Bad,56,201,7,78,23,0,0,55,1,6,6,31,4,29,36,4,4,68,,10,1,1.0,73,0.5319148936170213,True,True,74.0,22
Bad,60,410,7,124,29,0,0,97,20,7,6,32,1,25,1,2,2,70,56.0,10,4,3.0,83,0.15267175572519084,True,False,91.0,26
Bad,74,319,3,54,32,0,0,100,125,7,7,32,4,31,0,4,4,69,33.0,6,3,2.0,90,0.15267175572519084,False,False,100.0,28
Bad,58,42,2,24,17,0,0,100,125,7,7,18,2,50,0,7,7,90,74.0,5,5,1.0,100,0.15267175572519084,False,False,94.0,18
Good,72,148,5,67,44,0,0,96,70,7,6,47,5,33,0,2,2,14,,5,5,0.0,73,0.15267175572519084,True,False,94.0,34
Good,90,243,4,103,19,0,0,100,125,7,7,20,3,30,36,1,0,4,85.0,2,2,0.0,29,0.15267175572519084,False,False,95.0,5
Bad,61,172,24,80,4,1,0,43,7,6,5,7,0,14,0,2,2,91,,4,2,3.0,80,0.5319148936170213,True,True,57.0,5
Bad,91,286,15,133,10,0,0,100,125,7,7,10,0,20,0,0,0,10,,2,2,0.0,40,0.15267175572519084,False,False,100.0,4
Bad,84,204,3,91,22,0,0,100,125,7,7,22,1,32,0,2,2,70,85.0,3,3,2.0,55,0.15267175572519084,False,False,100.0,12
Bad,69,301,3,79,19,0,0,79,13,7,6,20,2,47,3,2,2,33,45.0,3,3,0.0,100,0.15267175572519084,True,False,95.0,20
Good,78,112,3,57,39,0,0,100,125,7,7,41,2,33,2,3,2,5,87.0,3,3,0.0,67,0.15267175572519084,False,False,95.0,27
Bad,61,178,7,70,26,0,0,89,4,6,6,27,2,52,36,0,0,31,68.0,3,3,1.0,86,0.5319148936170213,True,True,96.0,23
Good,77,150,5,55,25,0,0,100,125,7,7,26,2,19,0,7,5,11,84.0,2,1,0.0,30,0.15267175572519084,False,False,96.0,7
Good,74,254,15,66,39,0,0,95,8,6,6,74,0,38,7,1,1,6,41.0,6,4,1.0,53,0.5319148936170213,True,True,53.0,39
Bad,90,211,6,102,17,0,0,100,125,7,7,17,1,0,0,1,1,0,,0,2,0.0,0,0.15267175572519084,False,False,100.0,0
Bad,62,146,14,61,10,2,2,82,18,7,6,12,0,55,0,2,2,50,,4,1,2.0,100,0.15267175572519084,True,False,83.0,12
Good,79,200,5,86,26,0,0,100,125,7,7,30,1,67,0,1,1,57,97.0,4,2,1.0,100,0.15267175572519084,False,False,87.0,30
Bad,63,163,7,42,17,1,1,89,25,7,2,20,3,44,36,0,0,58,87.0,4,4,2.0,100,0.15267175572519084,True,False,85.0,20
Good,86,292,5,114,20,0,0,100,125,7,7,22,1,24,6,0,0,6,12.0,3,1,1.0,57,0.15267175572519084,False,False,91.0,12
Bad,81,287,4,105,23,0,0,100,125,7,7,25,2,40,0,2,2,52,88.0,3,4,1.0,70,0.15267175572519084,False,False,92.0,17
Bad,69,265,25,106,10,0,0,67,18,7,6,13,0,15,1,2,2,42,,3,1,0.0,57,0.15267175572519084,True,False,77.0,7
Good,89,277,4,87,25,0,0,100,125,7,7,27,3,30,4,1,1,2,9.0,1,2,0.0,30,0.15267175572519084,False,False,93.0,8
Bad,51,204,2,71,30,2,2,94,1,6,6,35,6,47,0,4,3,94,51.0,5,6,5.0,86,0.5319148936170213,True,True,86.0,30
Bad,69,150,18,76,19,0,0,95,27,7,6,21,0,33,1,1,1,34,,1,1,1.0,67,0.15267175572519084,True,False,90.0,14
Bad,65,340,2,81,49,0,0,89,5,6,6,56,3,25,0,9,8,6,86.0,9,5,1.0,56,0.5319148936170213,True,True,88.0,31
Bad,91,215,31,104,15,0,0,100,125,7,7,16,0,38,0,0,0,0,,0,1,0.5,25,0.15267175572519084,False,False,94.0,4
Good,74,250,18,81,19,0,0,100,125,7,7,20,0,20,0,1,1,69,54.0,6,3,2.0,69,0.15267175572519084,False,False,95.0,13
Bad,67,180,3,43,19,0,0,100,125,7,7,22,2,27,14,0,0,53,41.0,6,4,3.0,71,0.15267175572519084,False,False,86.0,15
Bad,72,110,7,63,12,1,1,92,52,7,2,13,1,54,0,3,3,0,,0,1,0.5,25,0.15267175572519084,True,False,92.0,3
Good,67,284,5,84,44,0,0,100,125,7,7,45,1,27,2,1,1,48,50.0,11,3,4.0,70,0.15267175572519084,False,False,98.0,31
Bad,54,180,32,61,9,1,1,78,1,2,6,9,0,56,36,1,1,77,59.0,3,1,2.0,100,0.5319148936170213,True,True,100.0,9
Bad,85,249,6,100,13,0,0,100,125,7,7,15,1,47,0,2,2,29,75.0,1,3,0.0,80,0.15267175572519084,False,False,87.0,12
Good,73,347,6,140,32,0,0,100,125,7,7,32,1,9,0,0,0,41,,15,1,6.0,74,0.15267175572519084,False,False,100.0,23
Bad,73,188,2,83,18,1,1,95,29,7,2,22,1,27,0,11,11,30,,4,2,0.0,67,0.15267175572519084,True,False,82.0,14
Good,83,155,6,65,9,0,0,100,125,7,7,10,2,44,1,1,1,7,58.0,2,2,0.0,71,0.15267175572519084,False,False,90.0,7
Bad,68,260,7,72,21,1,1,96,3,3,3,23,1,39,1,1,1,9,80.0,5,2,0.0,70,0.5319148936170213,True,True,91.0,16
Bad,52,180,4,42,22,4,2,92,38,7,5,26,2,24,36,4,4,75,74.0,13,1,6.0,82,0.15267175572519084,True,False,85.0,21
Bad,64,103,1,52,22,1,1,88,26,7,6,24,3,38,1,5,5,29,77.0,4,3,2.0,58,0.15267175572519084,True,False,92.0,13
Bad,65,246,16,109,19,1,0,81,11,6,5,21,0,24,20,0,0,87,,3,2,3.0,100,0.5319148936170213,True,True,90.0,21
Bad,72,180,5,74,41,0,0,100,125,7,7,47,1,57,36,1,1,82,55.0,8,10,6.0,86,0.15267175572519084,False,False,87.0,40
Good,81,273,9,101,11,1,0,77,24,7,5,13,1,15,0,0,0,20,,1,1,0.0,29,0.15267175572519084,True,False,85.0,3
Good,82,191,9,77,31,0,0,90,22,7,6,31,1,16,0,1,1,7,82.0,4,1,0.0,42,0.15267175572519084,True,False,100.0,13
Bad,66,398,13,129,14,1,0,81,2,6,5,16,0,13,0,0,0,32,,3,1,0.0,67,0.5319148936170213,True,True,88.0,10
Good,77,148,27,96,13,0,0,100,125,7,7,14,0,50,0,2,2,75,,1,1,0.0,100,0.15267175572519084,False,False,93.0,14
Bad,59,389,9,74,42,0,0,83,1,6,6,47,2,32,0,2,2,63,81.0,9,3,2.0,68,0.5319148936170213,True,True,89.0,31
Bad,63,131,11,61,8,2,1,60,17,7,3,10,1,30,3,2,1,78,45.0,3,1,2.0,80,0.15267175572519084,True,False,80.0,8
Good,81,155,4,55,28,0,0,100,125,7,7,29,4,36,2,2,2,2,94.0,4,2,0.0,46,0.15267175572519084,False,False,97.0,13
Bad,66,173,1,75,30,0,0,97,7,6,6,32,1,38,36,1,0,43,100.0,6,1,1.0,70,0.5319148936170213,True,True,94.0,22
Good,75,160,3,70,21,0,0,100,125,7,7,21,3,33,3,5,5,0,,0,1,0.0,43,0.15267175572519084,False,False,100.0,9
Bad,58,136,16,63,23,0,0,83,9,6,6,24,0,54,36,0,0,75,84.0,3,2,2.0,83,0.5319148936170213,True,True,96.0,19
Bad,63,203,4,78,40,0,0,98,63,7,6,42,4,55,36,5,5,80,88.0,3,4,2.0,70,0.15267175572519084,True,False,95.0,29
Bad,68,235,9,117,16,1,1,89,0,2,2,19,1,53,0,3,3,27,48.0,1,3,0.0,83,0.5319148936170213,True,True,84.0,15
Good,83,150,9,64,27,0,0,100,125,7,7,28,1,32,0,2,2,13,2.0,2,2,0.0,40,0.15267175572519084,False,False,96.0,11
Good,78,150,6,63,37,0,0,100,125,7,7,40,1,18,0,0,0,3,63.0,2,2,0.0,50,0.15267175572519084,False,False,92.0,20
Bad,63,105,2,42,17,0,0,100,125,7,7,18,6,33,0,3,3,73,98.0,8,2,3.0,83,0.15267175572519084,False,False,94.0,14
Good,75,288,10,132,36,0,0,100,125,7,7,36,2,19,0,0,0,32,,11,1,2.0,62,0.15267175572519084,False,False,100.0,22
Good,82,295,16,108,18,0,0,100,125,7,7,18,0,39,0,0,0,36,47.0,2,2,1.0,40,0.15267175572519084,False,False,100.0,7
Good,72,189,11,91,45,1,1,98,8,6,6,54,1,58,2,3,3,0,36.0,1,3,0.0,33,0.5319148936170213,True,True,83.0,17
Good,66,143,6,72,14,2,1,83,23,7,2,18,2,28,0,2,2,76,,2,1,2.0,60,0.15267175572519084,True,False,78.0,10
Good,65,212,11,75,21,2,1,87,22,7,5,23,1,43,19,0,0,71,64.0,8,3,3.0,86,0.15267175572519084,True,False,91.0,19
Bad,62,166,1,48,43,0,0,100,125,7,7,44,6,41,0,10,10,55,84.0,6,4,5.0,59,0.15267175572519084,False,False,98.0,25
Bad,66,284,32,107,15,2,2,82,3,6,4,17,0,53,0,1,1,19,50.0,3,2,1.0,63,0.5319148936170213,True,True,88.0,10
Bad,72,169,8,86,12,3,2,80,12,7,5,17,1,33,0,0,0,1,,1,1,0.0,40,0.15267175572519084,True,False,71.0,6
Good,86,201,9,83,16,0,0,100,125,7,7,16,1,19,0,0,0,5,60.0,2,1,0.0,60,0.15267175572519084,False,False,100.0,9
Good,81,167,8,77,19,0,0,95,21,7,6,20,1,30,0,1,1,11,,1,1,0.0,40,0.15267175572519084,True,False,95.0,8
Good,76,241,9,80,48,0,0,100,125,7,7,49,2,20,0,2,2,22,,9,2,1.0,37,0.15267175572519084,False,False,98.0,18
Good,75,176,35,107,24,0,0,96,29,7,6,24,0,25,0,2,2,15,,4,2,0.0,60,0.15267175572519084,True,False,100.0,14
Bad,64,261,5,62,27,2,0,76,2,6,5,39,3,28,36,1,1,8,,2,2,1.0,40,0.5319148936170213,True,True,69.0,15
Good,88,125,7,61,6,0,0,100,125,7,7,6,1,50,14,0,0,0,86.0,0,2,0.0,40,0.15267175572519084,False,False,100.0,2
Good,83,128,5,78,44,0,0,100,125,7,7,44,1,14,2,1,1,8,85.0,7,2,0.0,36,0.15267175572519084,False,False,100.0,15
Bad,84,146,12,80,22,0,0,95,46,7,6,22,0,0,1,2,2,0,,0,2,0.0,0,0.15267175572519084,True,False,100.0,0
Bad,82,153,9,54,18,0,0,100,125,7,7,18,1,44,14,0,0,9,,2,1,0.0,38,0.15267175572519084,False,False,100.0,6
Good,68,177,1,65,43,0,0,96,12,7,6,48,3,50,36,2,2,19,25.0,5,5,1.0,71,0.15267175572519084,True,False,90.0,34
Good,84,180,6,117,53,0,0,100,125,7,7,58,2,53,36,0,0,9,13.0,6,2,1.0,73,0.15267175572519084,False,False,91.0,42
Good,71,59,2,21,6,0,0,100,125,7,7,8,4,50,1,2,2,44,95.0,2,2,0.0,67,0.15267175572519084,False,False,75.0,5
Bad,61,39,23,26,4,2,1,60,12,7,5,6,0,60,0,0,0,28,,1,1,0.0,67,0.15267175572519084,True,False,67.0,4
Bad,54,316,30,132,8,10,6,47,4,5,3,19,0,47,5,0,0,38,60.0,2,2,0.0,57,0.5319148936170213,True,True,42.0,10
Bad,66,174,2,59,7,1,1,90,63,7,6,10,2,30,0,1,1,86,,2,2,1.0,40,0.15267175572519084,True,False,70.0,4
Good,73,219,2,82,28,0,0,93,13,7,6,29,2,14,1,1,1,28,,7,1,0.0,50,0.15267175572519084,True,False,97.0,14
Bad,63,180,2,51,11,2,2,88,1,2,2,16,4,50,36,3,3,12,87.0,1,4,0.0,56,0.5319148936170213,True,True,69.0,8
Good,89,180,6,82,27,0,0,100,125,7,7,27,1,26,0,0,0,0,,1,1,0.0,25,0.15267175572519084,False,False,100.0,6
Good,66,131,13,83,4,4,4,67,67,7,2,41,0,33,36,0,0,67,,2,1,0.0,100,0.15267175572519084,True,False,10.0,41
Good,73,354,13,80,25,0,0,100,125,7,7,25,0,8,15,0,0,36,,10,1,2.0,61,0.15267175572519084,False,False,100.0,15
Bad,68,187,9,75,29,0,0,100,125,7,7,29,1,41,0,1,1,89,72.0,3,3,2.0,75,0.15267175572519084,False,False,100.0,21
Bad,70,131,6,64,12,1,0,57,25,7,5,14,3,50,4,1,1,3,67.0,1,2,0.5,50,0.15267175572519084,True,False,86.0,7
Bad,68,134,4,54,24,0,0,100,125,7,7,24,5,50,36,2,2,50,91.0,3,7,1.0,83,0.15267175572519084,False,False,100.0,19
Good,92,421,42,161,17,0,0,100,125,7,7,19,0,42,0,0,0,0,,1,2,0.0,50,0.15267175572519084,False,False,89.0,9
Bad,61,125,12,48,30,0,0,97,38,7,6,30,0,43,0,3,3,47,68.0,5,4,2.0,69,0.15267175572519084,True,False,100.0,20
Good,72,145,7,57,45,0,0,100,125,7,7,72,2,74,7,0,0,34,97.0,4,12,0.0,73,0.15267175572519084,False,False,62.0,52
Bad,56,300,13,86,29,1,0,78,1,6,5,32,0,56,0,0,0,42,76.0,5,5,3.0,71,0.5319148936170213,True,True,91.0,22
Bad,56,266,2,94,29,0,0,100,125,7,7,30,1,17,0,2,2,76,6.0,14,2,7.0,67,0.15267175572519084,False,False,97.0,20
Bad,71,100,3,44,11,0,0,77,3,6,6,13,3,54,36,2,2,2,50.0,1,2,0.5,60,0.5319148936170213,True,True,85.0,7
Good,87,221,5,52,29,0,0,100,125,7,7,29,2,14,4,1,1,2,61.0,2,3,0.0,31,0.15267175572519084,False,False,100.0,8
Good,82,132,5,55,18,0,0,100,125,7,7,19,2,47,0,0,0,21,55.0,1,4,0.5,63,0.15267175572519084,False,False,95.0,11
Good,84,128,7,81,13,0,0,100,125,7,7,14,1,7,0,3,3,0,93.0,1,1,0.0,33,0.15267175572519084,False,False,93.0,4
Bad,64,194,8,76,24,1,1,88,9,6,2,26,2,48,36,0,0,69,77.0,7,6,6.0,76,0.5319148936170213,True,True,92.0,19
Bad,70,172,19,85,29,0,0,100,125,7,7,31,0,16,0,1,1,65,,9,1,3.0,77,0.15267175572519084,False,False,94.0,23
Bad,62,69,5,24,8,1,1,89,33,7,6,9,3,33,1,2,2,92,,4,2,3.0,67,0.15267175572519084,True,False,89.0,6
Bad,68,460,2,162,28,2,1,90,40,2,5,31,2,27,2,1,1,25,75.0,6,4,0.0,61,0.5319148936170213,True,True,90.0,18
Bad,88,279,3,75,28,0,0,100,125,7,7,29,2,24,2,2,2,6,41.0,3,3,0.0,40,0.15267175572519084,False,False,97.0,11
Bad,61,128,4,61,5,1,1,75,13,7,2,8,1,38,3,2,2,90,,1,1,1.0,100,0.15267175572519084,True,False,62.0,8
Bad,70,213,19,107,33,1,0,97,19,7,5,54,0,15,0,2,2,32,27.0,4,2,3.0,44,0.15267175572519084,True,False,61.0,23
Good,90,240,20,123,19,0,0,100,125,7,7,21,0,19,0,0,0,3,,2,1,0.0,50,0.15267175572519084,False,False,90.0,10
Bad,60,198,12,46,7,3,2,90,40,7,5,12,0,20,0,1,0,37,,7,1,1.0,100,0.15267175572519084,True,False,58.0,12
Good,82,144,3,84,22,0,0,100,125,7,7,31,1,28,0,3,3,37,83.0,2,3,0.0,71,0.15267175572519084,False,False,71.0,22
Good,86,168,1,68,32,0,0,100,125,7,7,47,5,30,4,2,2,5,,3,2,0.0,36,0.15267175572519084,False,False,68.0,16
Bad,58,381,3,77,23,3,2,76,8,2,2,25,2,28,36,0,0,29,82.0,5,4,0.0,69,0.5319148936170213,True,True,92.0,17
Good,86,206,18,100,18,0,0,100,125,7,7,24,0,38,36,2,2,0,,0,1,0.0,50,0.15267175572519084,False,False,75.0,12
Good,84,245,5,103,17,0,0,100,125,7,7,17,3,24,0,1,1,16,37.0,1,2,0.0,30,0.15267175572519084,False,False,100.0,5
Bad,79,231,12,80,17,0,0,94,16,7,6,18,0,39,0,2,2,8,,4,1,1.0,50,0.15267175572519084,True,False,94.0,9
Bad,57,159,3,63,23,2,0,80,9,6,5,25,3,64,3,3,3,44,90.0,5,1,1.0,86,0.5319148936170213,True,True,92.0,21
Bad,60,180,2,95,42,2,1,87,3,6,3,49,3,18,36,8,8,44,60.0,7,3,1.0,48,0.5319148936170213,True,True,86.0,23
Good,62,197,7,60,43,0,0,100,125,7,7,54,1,44,36,1,1,103,70.0,14,11,4.0,100,0.15267175572519084,False,False,80.0,54
Good,72,160,1,69,40,0,0,96,8,6,6,48,4,58,9,0,0,21,76.0,4,11,0.0,88,0.5319148936170213,True,True,83.0,42
Bad,57,35,7,16,10,0,0,100,125,7,7,10,4,30,0,2,2,81,85.0,6,2,2.0,89,0.15267175572519084,False,False,100.0,8
Bad,59,52,13,30,10,1,0,73,7,5,5,11,0,45,0,1,1,46,122.0,1,4,0.5,56,0.5319148936170213,True,True,91.0,6
Bad,78,96,1,35,12,0,0,100,125,7,7,13,1,38,0,0,0,11,83.0,2,2,1.0,67,0.15267175572519084,False,False,92.0,8
Good,87,177,10,82,9,0,0,100,125,7,7,9,1,22,0,0,0,4,3.0,2,1,0.0,75,0.15267175572519084,False,False,100.0,6
Bad,78,161,6,70,18,0,0,90,14,7,6,20,1,30,0,0,0,1,67.0,3,3,0.0,64,0.15267175572519084,True,False,90.0,12
Bad,84,213,13,114,27,0,0,100,125,7,7,30,0,7,0,0,0,26,65.0,4,2,0.0,75,0.15267175572519084,False,False,90.0,22
Good,74,77,1,35,15,0,0,100,125,7,7,16,4,50,36,0,0,47,72.0,4,3,1.0,88,0.15267175572519084,False,False,94.0,14
Good,87,294,8,93,35,0,0,100,125,7,7,60,2,23,0,1,1,2,71.0,1,4,0.0,24,0.15267175572519084,False,False,58.0,14
Good,81,99,1,54,35,0,0,100,125,7,7,36,1,25,0,2,2,8,42.0,2,3,0.0,67,0.15267175572519084,False,False,97.0,24
Good,74,192,9,77,28,0,0,100,125,7,7,28,3,11,36,0,0,26,,5,1,1.0,60,0.15267175572519084,False,False,100.0,16
Bad,73,69,24,42,7,0,0,100,125,7,7,7,0,14,36,1,0,54,37.0,5,1,1.0,86,0.15267175572519084,False,False,100.0,6
Bad,61,135,2,52,15,0,0,94,51,7,6,17,2,29,0,1,1,11,,2,1,1.0,43,0.15267175572519084,True,False,88.0,7
Good,75,248,5,53,24,0,0,100,125,7,7,24,2,25,3,1,1,11,35.0,4,3,0.0,50,0.15267175572519084,False,False,100.0,12
Good,84,146,57,83,10,0,0,100,125,7,7,10,0,20,3,1,1,13,,1,2,0.0,20,0.15267175572519084,False,False,100.0,2
Bad,68,329,2,80,32,1,1,91,26,7,6,34,3,33,0,8,8,31,,7,1,2.0,57,0.15267175572519084,True,False,94.0,19
Good,89,364,35,165,14,0,0,100,125,7,7,14,0,36,3,1,1,6,48.0,2,3,0.0,67,0.15267175572519084,False,False,100.0,9
Good,80,263,6,106,26,0,0,92,14,7,6,26,2,23,0,0,0,14,17.0,4,2,1.0,54,0.15267175572519084,True,False,100.0,14
Bad,55,116,3,53,12,3,1,75,64,7,2,16,2,38,0,2,2,97,73.0,6,4,4.0,100,0.15267175572519084,True,False,75.0,16
Good,90,313,5,118,25,0,0,100,125,7,7,27,1,42,22,0,0,2,69.0,3,3,0.0,50,0.15267175572519084,False,False,93.0,13
Bad,55,63,5,39,21,1,1,86,6,6,6,22,3,38,0,3,3,31,79.0,6,3,1.0,92,0.5319148936170213,True,True,95.0,20
Good,67,279,5,60,35,0,0,100,125,7,7,36,4,43,2,2,2,93,90.0,1,4,0.5,100,0.15267175572519084,False,False,97.0,36
Good,90,170,12,94,16,0,0,100,125,7,7,16,0,38,0,0,0,8,,3,1,0.0,57,0.15267175572519084,False,False,100.0,9
Good,68,375,8,65,25,0,0,100,125,7,7,35,2,48,1,1,1,71,63.0,3,4,2.0,78,0.15267175572519084,False,False,71.0,27
Bad,63,10,2,6,1,0,0,100,125,7,7,2,2,50,0,8,8,64,,1,1,0.5,100,0.15267175572519084,False,False,50.0,2
Good,78,151,4,78,21,0,0,95,63,7,6,21,3,19,0,0,0,14,89.0,5,2,1.0,70,0.15267175572519084,True,False,100.0,14
Bad,57,164,7,62,16,1,1,72,2,6,3,19,2,47,0,1,1,67,62.0,5,2,3.0,100,0.5319148936170213,True,True,84.0,19
Good,79,188,6,68,16,0,0,94,17,7,6,17,3,47,5,0,0,0,55.0,0,2,0.0,25,0.15267175572519084,True,False,94.0,4
Bad,74,16,2,9,2,0,0,100,125,7,7,3,2,33,0,3,3,8,83.0,2,1,0.0,100,0.15267175572519084,False,False,67.0,3
Bad,73,126,12,61,11,0,0,100,125,7,7,11,0,45,0,1,1,71,57.0,4,3,2.0,88,0.15267175572519084,False,False,100.0,9
Good,89,385,6,94,15,0,0,100,125,7,7,16,1,44,4,1,1,7,,2,1,0.0,100,0.15267175572519084,False,False,94.0,16
Good,83,287,4,91,26,0,0,100,125,7,7,27,3,42,1,1,1,11,71.0,3,2,0.0,58,0.15267175572519084,False,False,96.0,15
Good,75,337,10,151,12,1,1,92,26,7,2,13,1,38,19,0,0,0,,0,2,0.0,0,0.15267175572519084,True,False,92.0,0
Bad,80,207,8,92,18,0,0,100,125,7,7,18,1,50,9,0,0,28,75.0,3,3,1.0,60,0.15267175572519084,False,False,100.0,10
Bad,65,502,1,71,78,1,1,99,15,7,6,100,19,15,0,6,6,10,90.0,10,3,1.0,38,0.15267175572519084,True,False,78.0,38
Good,90,194,31,86,11,0,0,100,125,7,7,11,0,27,36,1,1,5,,3,1,0.0,57,0.15267175572519084,False,False,100.0,6
Good,66,272,2,95,44,0,0,100,125,7,7,49,3,29,0,4,4,63,64.0,16,4,6.0,80,0.15267175572519084,False,False,90.0,39
Good,88,414,18,117,28,0,0,100,125,7,7,28,0,18,0,0,0,1,92.0,1,2,0.0,60,0.15267175572519084,False,False,100.0,16
Bad,54,51,11,34,7,2,2,63,3,6,2,9,1,33,0,1,1,86,88.0,3,1,0.0,100,0.5319148936170213,True,True,78.0,9
Good,88,166,3,92,10,0,0,100,125,7,7,10,1,40,0,2,2,0,96.0,0,1,0.0,25,0.15267175572519084,False,False,100.0,2
Good,84,132,6,74,17,0,0,100,125,7,7,17,1,41,0,0,0,45,35.0,3,2,0.0,63,0.15267175572519084,False,False,100.0,10
Bad,66,234,4,69,54,2,1,98,60,7,5,60,4,25,0,2,2,19,62.0,6,4,0.0,57,0.15267175572519084,True,False,90.0,34
Bad,68,166,4,47,17,0,0,100,125,7,7,18,2,11,0,0,0,78,,8,1,4.0,75,0.15267175572519084,False,False,94.0,13
Bad,63,274,2,94,49,0,0,94,21,7,6,52,2,10,0,1,1,43,77.0,19,3,5.0,64,0.15267175572519084,True,False,94.0,33
Good,84,132,5,50,22,0,0,100,125,7,7,22,2,36,6,0,0,19,17.0,2,4,0.0,86,0.15267175572519084,False,False,100.0,18
Good,68,219,18,127,20,1,0,91,4,5,5,23,0,14,4,1,1,21,91.0,4,3,1.0,88,0.5319148936170213,True,True,87.0,20
Bad,86,357,6,88,20,0,0,100,125,7,7,20,3,30,6,0,0,2,,2,1,0.0,25,0.15267175572519084,False,False,100.0,5
Bad,72,169,3,76,39,0,0,98,20,7,6,41,5,39,0,3,2,26,92.0,4,4,1.0,53,0.15267175572519084,True,False,95.0,21
Bad,74,155,11,68,18,0,0,91,7,6,6,23,2,26,0,0,0,1,,3,1,0.0,36,0.5319148936170213,True,True,78.0,8
Good,61,234,5,86,20,0,0,68,2,6,6,25,2,68,6,0,0,91,53.0,3,6,2.0,82,0.5319148936170213,True,True,80.0,20
Bad,62,159,6,67,14,0,0,86,3,6,6,18,3,36,0,2,2,71,93.0,2,3,1.0,83,0.5319148936170213,True,True,78.0,14
Bad,82,212,2,111,16,0,0,100,125,7,7,28,2,56,2,1,1,33,92.0,4,3,0.0,88,0.15267175572519084,False,False,57.0,24
Good,65,130,6,68,25,3,2,89,29,7,4,29,1,43,0,1,1,46,56.0,8,3,2.0,85,0.15267175572519084,True,False,86.0,24
Bad,57,47,4,21,5,0,0,80,32,7,6,5,1,60,36,3,3,97,84.0,2,3,1.0,100,0.15267175572519084,True,False,100.0,5
Good,67,94,4,55,36,1,1,95,50,7,2,38,4,32,0,5,5,12,81.0,5,4,1.0,64,0.15267175572519084,True,False,95.0,24
Bad,66,134,4,44,13,2,2,93,54,7,3,15,1,53,0,1,1,92,60.0,4,6,1.0,91,0.15267175572519084,True,False,87.0,13
Bad,61,123,39,63,10,0,0,73,3,6,6,11,0,36,0,1,0,73,,1,1,1.0,33,0.5319148936170213,True,True,91.0,3
Bad,59,180,41,90,4,2,0,50,9,5,5,6,0,83,13,0,0,16,,1,1,0.0,100,0.5319148936170213,True,True,67.0,6
Good,60,305,3,115,16,2,2,63,5,5,3,19,2,21,0,4,4,11,,4,1,0.0,73,0.5319148936170213,True,True,84.0,13
Bad,64,232,4,91,36,3,2,93,22,7,3,40,6,60,0,2,2,55,92.0,8,4,3.0,100,0.15267175572519084,True,False,90.0,40
Bad,73,139,6,43,14,0,0,100,125,7,7,14,3,36,1,2,2,8,86.0,3,2,1.0,71,0.15267175572519084,False,False,100.0,9
Good,70,217,3,88,29,1,1,93,24,7,6,31,6,50,36,1,1,10,61.0,2,3,0.0,67,0.15267175572519084,True,False,94.0,20
Good,85,225,0,78,42,0,0,100,125,7,7,45,3,38,0,1,1,6,92.0,3,2,0.0,31,0.15267175572519084,False,False,93.0,13
Bad,58,132,3,72,18,1,0,92,1,5,5,26,3,46,0,4,4,54,38.0,2,3,0.5,63,0.5319148936170213,True,True,69.0,16
Bad,59,142,18,50,14,2,1,80,10,6,5,16,0,50,0,1,1,82,48.0,3,3,1.0,78,0.5319148936170213,True,True,88.0,12
Good,80,207,1,98,24,0,0,93,56,7,6,28,3,32,0,1,1,19,,6,2,0.0,58,0.15267175572519084,True,False,86.0,16
Good,65,63,4,19,8,0,0,88,36,7,6,13,5,25,36,0,0,20,92.0,3,2,0.0,83,0.15267175572519084,True,False,62.0,10
Good,75,154,6,72,28,0,0,100,125,7,7,29,2,66,20,0,0,1,64.0,2,4,0.0,75,0.15267175572519084,False,False,97.0,21
Good,80,186,4,83,29,0,0,100,125,7,7,30,3,23,11,0,0,35,,5,1,1.0,50,0.15267175572519084,False,False,97.0,15
Bad,75,248,1,103,14,0,0,88,3,6,6,16,1,13,0,1,1,2,,3,1,1.0,57,0.5319148936170213,True,True,88.0,9
