fips,median_household_income_2017,density_2010
1001,55317,91.8
1003,52562,114.6
1005,33368,31
1007,43404,36.8
1009,47412,88.9
1011,29655,17.5
1013,36326,27
1015,43686,195.7
1017,37342,57.4
1019,40041,46.9
1021,43501,63
1023,32122,15.2
1025,33827,20.9
1027,37287,23.1
1029,37396,26.7
1031,49821,73.6
1033,45477,91.8
1035,30434,15.6
1037,34792,17.7
1039,39467,36.6
1041,38937,22.8
1043,40997,109.4
1045,44711,89.6
1047,30065,44.8
1049,38842,91.5
1051,54981,128.2
1053,35026,40.5
1055,42064,195.2
1057,36541,27.5
1059,39501,50
1061,39293,46.6
1063,20954,14
1065,34679,24.5
1067,45569,30.8
1069,42803,175.1
1071,39281,49.4
1073,49321,592.5
1075,36016,24.1
1077,44888,138.8
1079,43779,49.7
1081,47564,230.8
1083,52831,147.8
1085,29785,15.8
1087,32308,35.2
1089,61318,417.7
1091,32255,21.5
1093,35719,41.5
1095,41104,164.4
1097,45802,335.9
1099,26036,22.5
1101,46545,292.5
1103,47529,206.3
1105,22973,14.7
1107,36220,22.4
1109,35684,48.9
1111,39485,39.5
1113,38988,82.6
1115,53483,132.3
1117,74063,248.5
1119,21663,15.2
1121,39219,111.7
1123,42181,58.1
1125,50513,147.3
1127,38872,84.7
1129,42185,16.3
1131,27012,13.1
1133,35362,39.9
2013,66607,0.4
2016,85192,1.3
2020,82271,171.2
2050,53853,0.4
2060,79500,2
2068,83295,0.1
2070,58708,0.3
2090,76250,13.3
2100,70640,1.1
2105,57900,0.3
2110,90749,11.6
2122,65279,3.4
2130,67321,2.8
2150,74167,2.1
2158,NA,0.4
2164,45208,0.1
2170,74887,3.6
2180,53821,0.4
2185,77266,0.1
2188,61533,0.2
2195,63490,1.2
2198,52114,1.4
2220,70765,3.1
2230,70673,2.1
2240,63866,0.3
2261,86019,0.3
2275,56094,0.9
2282,64583,0.1
2290,37819,0
4001,32360,6.4
4003,47847,21.3
4005,53523,7.2
4007,41179,11.3
4009,48173,8.1
4011,56298,4.6
4012,36479,4.6
4013,58580,414.9
4015,41567,15
4017,38798,10.8
4019,48676,106.7
4021,52628,70
4023,39630,38.3
4025,48259,26
4027,43253,35.5
5001,38532,19.2
5003,36407,23.6
5005,40072,74.9
5007,61271,261.2
5009,40727,62.5
5011,36310,17.7
5013,37225,8.5
5015,39686,43.6
5017,32412,18.3
5019,37144,26.6
5021,32219,25.2
5023,42312,46.9
5025,44840,14.5
5027,37072,32.1
5029,39638,38.5
5031,45672,136.4
5033,43504,104.4
5035,38558,83.5
5037,41081,29
5039,35794,12.2
5041,27036,16.9
5043,36092,22.3
5045,50316,174.8
5047,39472,29.8
5049,36051,19.8
5051,41672,141.7
5053,49968,28.3
5055,45566,72.9
5057,38701,31.1
5059,40626,53.5
5061,34851,23.4
5063,39945,48
5065,39135,23.6
5067,32783,28.4
5069,37630,88.9
5071,35758,38.7
5073,32500,14.5
5075,37603,29.6
5077,27901,17.3
5079,38873,25.2
5081,36963,24.7
5083,37982,31.6
5085,57290,88.7
5087,42894,18.8
5089,36113,27.9
5091,41862,69.5
5093,36417,51.6
5095,31584,13.4
5097,35252,12.2
5099,36995,14.6
5101,38134,10.1
5103,32136,35.6
5105,46168,18.9
5107,26652,31.3
5109,36893,18.8
5111,37487,32.4
5113,33870,24.1
5115,40668,76
5117,41244,13.4
5119,48850,503.8
5121,35930,27.6
5123,33102,44.5
5125,58985,148
5127,37396,12.6
5129,36716,12.3
5131,40932,236.4
5133,43675,30.2
5135,31792,28.6
5137,33091,20.4
5139,41106,40.1
5141,34428,24.4
5143,47452,215.6
5145,44074,74.5
5147,30097,12.4
5149,39696,23.9
6001,85743,2043.6
6003,63438,1.6
6005,60636,64.1
6007,46516,134.4
6009,54800,44.7
6011,56481,18.6
6013,88456,1465.2
6015,41287,28.4
6017,74885,106
6019,48730,156.2
6021,46260,21.4
6023,43718,37.7
6025,44779,41.8
6027,51500,1.8
6029,50826,103.3
6031,49742,110.1
6033,40446,51.5
6035,54083,7.7
6037,61015,2419.6
6039,48210,70.6
6041,104703,485.1
6043,51385,12.6
6045,46528,25.1
6047,46338,132.2
6049,39296,2.5
6051,60595,4.7
6053,63249,126.5
6055,79637,182.4
6057,60610,103.1
6059,81851,3807.7
6061,80488,247.6
6063,50266,7.8
6065,60807,303.8
6067,60239,1470.8
6069,80760,39.8
6071,57156,101.5
6073,70588,735.8
6075,96265,17179.1
6077,57813,492.6
6079,67175,81.7
6081,105667,1602.2
6083,68023,155
6085,106761,1381
6087,73663,589.4
6089,47258,46.9
6091,44190,3.4
6093,40884,7.2
6095,72950,503
6097,71769,307.1
6099,54260,344.2
6101,54347,157.3
6103,42512,21.5
6105,36563,4.3
6107,44871,91.7
6109,54325,24.9
6111,81972,446.7
6113,61621,197.9
6115,51776,114.2
8001,64087,378.2
8003,36315,21.4
8005,69553,716.7
8007,48016,8.9
8009,35898,1.5
8011,32500,4.3
8013,75669,405.6
8014,85639,1691.9
8015,53762,17.6
8017,54907,1
8019,68534,23
8021,35657,6.4
8023,29000,2.9
8025,35292,7.4
8027,41330,5.8
8029,42487,27.1
8031,60098,3922.6
8033,40352,1.9
8035,111154,339.7
8037,83803,31
8039,92849,12.5
8041,62535,292.6
8043,44712,30.5
8045,66503,19.1
8047,72544,36.3
8049,66489,8
8051,52651,4.7
8053,53056,0.8
8055,35801,4.2
8057,45994,0.9
8059,75170,699.5
8061,39250,0.8
8063,45881,3.8
8065,46176,19.4
8067,62533,30.3
8069,64980,115.4
8071,40586,3.2
8073,44725,2.1
8075,44876,12.4
8077,51971,44.1
8079,50385,0.8
8081,53010,2.9
8083,45645,12.6
8085,44865,18.4
8087,51456,22
8089,35051,14.9
8091,61333,8.2
8093,61644,7.4
8095,50076,6.5
8097,67755,17.7
8099,41740,7.7
8101,42386,66.7
8103,57991,2.1
8105,38534,13.1
8107,67472,10
8109,34765,1.9
8111,46397,1.8
8113,62243,5.7
8115,49583,4.3
8117,73538,46
8119,66809,41.9
8121,51458,1.9
8123,66489,63.4
8125,44668,4.2
9001,89773,1467.2
9003,69936,1216.2
9005,76438,206.3
9007,81673,448.6
9009,64872,1426.7
9011,69411,412.2
9013,81312,372.2
9015,62553,230.9
10001,57647,276.9
10003,68336,1263.2
10005,57901,210.6
11001,77649,9856.6
12001,45478,282.7
12003,59506,46.3
12005,50283,222.6
12007,46106,97
12009,51536,535
12011,54895,1444.9
12013,36237,25.8
12015,46511,235.2
12017,40574,242.8
12019,61971,315.8
12021,62407,160.9
12023,43504,84.7
12027,35435,54.7
12029,35910,23.3
12031,51296,1133.9
12033,47361,453.4
12035,51049,197.1
12037,41267,21.6
12039,39830,89.8
12041,42934,48.4
12043,37385,16
12045,44647,28.1
12047,36209,28.8
12049,39063,43.5
12051,37966,34
12053,44324,365.6
12055,36374,97.2
12057,53742,1204.9
12059,37474,41.6
12061,49009,274.5
12063,36944,54.2
12065,47599,24.7
12067,41512,16.3
12069,49734,316.6
12071,52052,788.7
12073,49941,413.1
12075,36554,36.5
12077,36741,10
12079,31816,27.6
12081,53408,434.5
12083,41964,209.1
12085,55588,269.2
12086,46338,1315.5
12087,63030,74.3
12089,64294,113
12091,59955,194.4
12093,39059,52
12095,51586,1268.5
12097,47343,202.4
12099,57256,670.2
12101,48289,622.2
12103,48968,3347.5
12105,45988,334.9
12107,33619,102.2
12109,73640,316.4
12111,47132,485.7
12113,62731,149.6
12115,55236,682.6
12117,60739,1367
12119,54771,170.8
12121,40600,60.3
12123,37188,21.6
12125,37460,63.8
12127,43838,449.2
12129,57866,50.8
12131,50619,53
12133,36989,42.7
13001,37089,36
13003,33063,24.7
13005,38824,42.9
13007,43867,10.1
13009,37008,177.3
13011,42182,79.3
13013,56119,432.7
13015,52393,217.9
13017,32344,70.5
13019,38297,42.7
13021,38183,622.8
13023,40688,60.5
13025,36812,41.6
13027,34890,32.9
13029,68589,69.3
13031,39305,104.4
13033,38707,28.2
13035,39655,128.3
13037,29617,23.9
13039,53687,82.4
13043,33125,45.3
13045,46844,221.5
13047,54537,394.3
13049,43257,15.7
13051,52215,621.7
13053,46096,45.3
13055,35718,83
13057,75477,508.3
13059,34557,979.1
13061,23315,16.3
13063,44106,1832.5
13065,21838,8.5
13067,72004,2026.4
13069,36572,73.7
13071,34503,83.6
13073,74162,427.6
13075,35539,75.8
13077,67570,288.8
13079,41032,38.9
13081,33194,86
13083,43163,95.6
13085,62284,105.9
13087,36934,46.6
13089,55876,2585.7
13091,35290,44
13093,33389,38.1
13095,34541,287.7
13097,59333,661.8
13099,29493,21.5
13101,34315,9.7
13103,64279,109.4
13105,35207,57.4
13107,33089,33.2
13109,38736,60.2
13111,43344,61.2
13113,84861,548.3
13115,46096,188.9
13117,96445,783.5
13119,39246,84.5
13121,61336,1748
13123,46211,66.3
13125,45273,21.4
13127,47546,189.7
13129,43452,155.1
13131,39462,55
13133,45069,41.3
13135,64496,1871.2
13137,44474,155.5
13139,55622,457.5
13141,29268,20
13143,43663,102
13145,69539,69
13147,41216,108.5
13149,44897,40
13151,64752,633
13153,55965,372.5
13155,34677,26.9
13157,57999,178.1
13159,42067,37.8
13161,37267,45.6
13163,29640,32.2
13165,27197,24
13167,36423,32.9
13169,55110,72.8
13171,41157,99.8
13173,31109,54.4
13175,35202,60
13177,65018,79.5
13179,43493,129.5
13181,37711,38
13183,53083,36.1
13185,39911,220.2
13187,43039,105.9
13189,40469,85
13191,43285,33.8
13193,30851,36.8
13195,47653,99.6
13197,39015,23.9
13199,36368,43.9
13201,37255,21.7
13205,34122,45.9
13207,50666,66.8
13209,40308,38.1
13211,59572,51.4
13213,41617,115
13215,43239,877.5
13217,52784,367.3
13219,77388,178
13221,43938,33.9
13223,63669,455.8
13225,43645,184.3
13227,61542,126.8
13229,39863,59.3
13231,52377,82.7
13233,40652,133.6
13235,38750,48.2
13237,48340,61.6
13239,26750,16.6
13241,39297,44
13243,30640,18
13245,39430,618.4
13247,54175,656.5
13249,41267,30
13251,36556,22.6
13253,33999,37.1
13255,42398,326.1
13257,39756,146.1
13259,22413,13.2
13261,34219,68
13263,37226,17.5
13265,30500,8.8
13267,36355,53.2
13269,29875,23.6
13271,28044,37.7
13273,32219,27.8
13275,41336,82.1
13277,38728,154.9
13279,35750,74.8
13281,41182,62.9
13283,39375,34.5
13285,43597,161.9
13287,42622,31.3
13289,30629,25.2
13291,42767,66.3
13293,35375,84
13295,43581,154
13297,55876,257.2
13299,36962,40.7
13301,32860,20.5
13303,38097,31.2
13305,41534,46.9
13307,36658,13.4
13309,28490,25.1
13311,43944,112.8
13313,43871,353.2
13315,35457,24.5
13317,34234,22.6
13319,38711,21.4
13321,40369,38
15001,56395,45.9
15003,80078,1586.7
15005,61750,7.5
15007,72330,108.2
15009,72762,133.3
16001,60151,372.8
16003,42727,2.9
16005,47390,74.5
16007,50603,6.1
16009,43472,12
16011,51307,21.8
16013,58835,8.1
16015,49964,3.7
16017,45607,23.6
16019,54150,55.9
16021,39512,8.6
16023,43207,1.3
16025,36667,1
16027,46426,321.6
16029,58750,3.9
16031,48162,8.9
16033,31927,0.6
16035,41122,3.6
16037,37976,0.9
16039,45154,8.8
16041,51583,19.3
16043,51806,7.1
16045,42888,29.8
16047,42626,21.2
16049,40299,1.9
16051,58055,23.9
16053,46421,37.5
16055,53189,111.3
16057,43310,34.6
16059,36031,1.7
16061,40313,8
16063,46383,4.3
16065,33620,80
16067,48021,26.5
16069,51804,46.3
16071,43491,3.6
16073,36092,1.5
16075,48447,55.6
16077,47602,5.6
16079,39835,4.9
16081,55986,22.6
16083,49118,40.2
16085,54015,2.7
16087,37521,7
17001,48454,78.5
17003,31014,35
17005,54393,46.7
17007,62701,193
17009,56289,22.7
17011,54271,40.2
17013,53641,20
17015,50555,34.6
17017,50156,36.3
17019,49586,201.8
17021,50668,49.1
17023,52068,32.6
17025,47427,29.5
17027,64543,79.7
17029,41907,106
17031,59426,5495.1
17033,47468,44.7
17035,50680,31.9
17037,58343,166.6
17039,55411,41.7
17041,52261,48
17043,84442,2799.8
17045,47873,29.8
17047,49632,30.2
17049,54655,71.5
17051,44541,30.9
17053,50851,29
17055,39454,96.8
17057,48599,42.8
17059,42450,17.3
17061,44502,25.6
17063,71598,119.8
17065,47293,19.5
17067,51460,24.1
17069,39524,24.3
17071,47428,19.3
17073,55755,61.3
17075,48857,26.6
17077,36008,103.1
17079,56523,19.6
17081,46109,68
17083,56320,62.2
17085,55532,37.7
17087,45743,36.6
17089,74862,990.8
17091,56542,167.7
17093,89860,358.2
17095,41972,73.9
17097,82613,1585.6
17099,54693,100.4
17101,44504,45.2
17103,58319,49.7
17105,54339,37.3
17107,58271,49
17109,42911,55.3
17111,82230,511.9
17113,64573,143.3
17115,49052,190.8
17117,53890,55.4
17119,56536,376.3
17121,44679,68.9
17123,55173,32.7
17125,44695,27.2
17127,42168,65
17129,62368,40.4
17131,55649,29.3
17133,74410,85.6
17135,47807,42.8
17137,49353,62.5
17139,53979,44.2
17141,57655,70.5
17143,53063,301.2
17145,45864,50.6
17147,67360,38.1
17149,41387,19.8
17151,41139,12.1
17153,34655,30.9
17155,64741,37.5
17157,49717,58.2
17159,46454,45.1
17161,51426,345
17163,51103,410.6
17165,40722,65.6
17167,58687,227.4
17169,47321,17.3
17171,48542,21.3
17173,49807,29.5
17175,52284,20.8
17177,46427,84.5
17179,60874,208.6
17181,46716,43.1
17183,44930,90.9
17185,49716,53.5
17187,47278,32.6
17189,54520,26.2
17191,46405,23.5
17193,46279,29.6
17195,51969,85.5
17197,80782,809.6
17199,48600,157.9
17201,51110,575.2
17203,69507,73.3
18001,48290,101.4
18003,51091,540.6
18005,57331,188.7
18007,49183,21.8
18009,40622,77.3
18011,75591,133.9
18013,59292,48.9
18015,56188,54.1
18017,45558,94.5
18019,52834,295.6
18021,50924,75.2
18023,51659,82
18025,40067,35.1
18027,48355,73.7
18029,62905,164.1
18031,52270,69.1
18033,51374,116.4
18035,41208,300.1
18037,57307,98
18039,52449,426.5
18041,41476,112.9
18043,59451,504.1
18045,46669,43.6
18047,55588,60.1
18049,47108,56.6
18051,51149,68.7
18053,42046,169.2
18055,49648,61.1
18057,90582,696.4
18059,70973,228.8
18061,53897,81.2
18063,74245,357.4
18065,46131,126.2
18067,47958,282.4
18069,50063,97
18071,49080,83.2
18073,56574,59.8
18075,42878,55.4
18077,50722,89.9
18079,48362,75.7
18081,65272,435.8
18083,44837,74.5
18085,57190,145.6
18087,58336,97.8
18089,52559,994.1
18091,49921,186.3
18093,49985,102.7
18095,45432,291.3
18097,44869,2279.6
18099,51869,106.1
18101,49372,30.8
18103,46666,98.7
18105,45689,349.7
18107,53075,75.6
18109,60317,170.5
18111,52193,35.5
18113,52393,115.7
18115,58359,71.1
18117,42803,49.8
18119,48315,56
18121,44643,39
18123,49689,50.7
18125,50196,38.4
18127,65979,393
18129,60992,63.3
18131,47633,30.9
18133,55295,79
18135,44985,57.9
18137,53698,64.6
18139,47955,42.6
18141,48121,583
18143,49243,127
18145,57216,108.1
18147,55280,52.8
18149,45526,75.6
18151,52749,110.7
18153,45031,48
18155,43468,48.1
18157,50486,345.7
18159,53931,61.2
18161,45531,46.6
18163,44815,769.7
18165,45440,63.1
18167,42030,267.4
18169,49052,79.7
18171,58950,23.3
18173,66080,155.1
18175,46861,55
18177,41813,171.5
18179,53038,75.1
18181,51404,48.8
18183,57041,99.2
19001,49477,13.5
19003,49745,9.5
19005,47895,22.4
19007,40377,25.9
19009,48750,13.8
19011,64061,36.4
19013,50916,231.7
19015,57906,46
19017,65440,55.7
19019,59348,36.7
19021,52784,35.2
19023,53937,25.6
19025,46302,17
19027,54563,36.6
19029,45637,24.7
19031,62555,31.9
19033,50569,77.7
19035,53998,20.9
19037,50688,24.7
19039,49718,21.5
19041,48978,29.4
19043,51114,23.3
19045,50295,70.7
19047,51091,23.9
19049,82719,112.4
19051,52390,17.4
19053,41042,15.9
19055,60534,30.7
19057,47524,96.9
19059,59889,43.8
19061,59150,154
19063,47419,26
19065,48412,28.6
19067,48607,32.6
19069,48172,18.4
19071,54430,14.6
19073,52529,16.4
19075,65170,24.8
19077,56306,18.5
19079,55836,27.2
19081,57840,19.9
19083,52207,30.8
19085,57558,21.4
19087,52275,46.4
19089,51422,20.2
19091,48847,22.6
19093,51978,16.4
19095,58077,27.9
19097,51806,31.2
19099,56363,50.4
19101,44516,38.7
19103,59965,213.1
19105,58391,35.9
19107,48399,18.1
19109,54868,16
19111,48266,69.3
19113,62702,294.6
19115,54393,28.3
19117,47325,20.7
19119,62012,19.7
19121,60077,27.9
19123,50568,39.2
19125,57917,60.1
19127,52752,71
19129,67949,34.4
19131,53675,23
19133,41598,13.3
19135,50179,18.4
19137,43674,25.3
19139,56398,97.7
19141,56314,25.1
19143,53604,16.2
19145,46708,29.8
19147,50470,16.7
19149,61316,29
19151,45969,12.7
19153,63530,750.5
19155,56291,98
19157,51456,32.3
19159,50642,9.6
19161,53254,18
19163,57681,360.7
19165,55638,20.6
19167,66022,43.9
19169,52671,156.3
19171,56110,24.6
19173,46825,11.9
19175,47597,29.6
19177,47197,15.6
19179,43329,82.5
19181,71514,81.1
19183,59157,38.2
19185,42434,12.2
19187,42148,53.1
19189,50072,27.1
19191,60788,30.5
19193,51350,117.1
19195,50880,19
19197,48935,22.8
20001,43031,26.7
20003,40986,14
20005,46640,39.3
20007,52075,4.3
20009,46070,30.9
20011,39379,23.9
20013,46964,17.5
20015,62324,46.1
20017,42772,3.6
20019,39531,5.7
20021,41101,36.8
20023,47167,2.7
20025,46094,2.3
20027,55434,13.2
20029,44199,13.3
20031,58662,13.7
20033,51563,2.4
20035,46624,32.3
20037,38017,66.4
20039,41230,3.3
20041,49663,23.3
20043,50300,20.2
20045,54370,243.1
20047,50229,4.9
20049,39405,4.5
20051,49562,31.6
20053,48550,9.1
20055,51703,28.2
20057,49890,30.8
20059,53167,45.5
20061,46096,89.3
20063,50817,2.5
20065,43427,2.9
20067,57474,13.6
20069,61220,6.9
20071,47045,1.6
20073,41648,5.9
20075,48160,2.7
20077,48059,7.5
20079,55687,64.3
20081,53780,7.4
20083,55345,2.2
20085,53592,20.5
20087,58935,35.9
20089,43125,3.4
20091,81121,1149.6
20093,51439,4.6
20095,57593,9.1
20097,48226,3.5
20099,45706,33.5
20101,51765,2.4
20103,70022,164.7
20105,48693,4.5
20107,46576,16.3
20109,49926,2.6
20111,42992,39.8
20113,56946,32.5
20115,50212,13.4
20117,50420,11.2
20119,54167,4.7
20121,63501,57
20123,44591,9.1
20125,43977,55.1
20127,50338,8.5
20129,43813,4.4
20131,53368,14.2
20133,44402,28.9
20135,48412,2.9
20137,50673,6.5
20139,54186,23.1
20141,42173,4.3
20143,51797,8.5
20145,46224,9.2
20147,46806,6.4
20149,64410,25.7
20151,53415,13.1
20153,50893,2.4
20155,47897,51.4
20157,43489,6.9
20159,48333,13.9
20161,48428,116.6
20163,48352,5.8
20165,43594,4.6
20167,48427,7.9
20169,49728,77.2
20171,62198,6.9
20173,52841,499.6
20175,47535,35.9
20177,54667,327.1
20179,56607,2.9
20181,52030,5.7
20183,45357,4.3
20185,47121,5.6
20187,42222,3.3
20189,57500,7.9
20191,52695,20.4
20193,52465,7.4
20195,55197,3.4
20197,58947,8.9
20199,60000,1.6
20201,47992,6.5
20203,55109,3.1
20205,44468,16.5
20207,36493,6.6
20209,42783,1039
21001,36575,46
21003,40598,58
21005,51681,106.1
21007,42988,33.4
21009,39658,86.5
21011,38763,41.6
21013,23558,79.9
21015,72731,482.3
21017,47886,69
21019,45543,309.9
21021,43076,157.8
21023,40458,41.3
21025,25861,28.2
21027,44057,35.4
21029,59917,250.2
21031,39362,29.8
21033,46182,37.7
21035,39269,96.6
21037,57208,597
21039,38860,26.9
21041,43345,84.1
21043,35095,67.7
21045,33031,35.9
21047,41849,103.1
21049,51547,141.1
21051,24596,46.3
21053,31130,52.1
21055,41114,25.9
21057,35449,22.5
21059,48371,210.9
21061,41114,40.2
21063,29043,33.5
21065,30692,58
21067,53013,1042.8
21069,41095,41.2
21071,31196,100.3
21073,53539,237.2
21075,28274,33.2
21077,50250,84.8
21079,47906,73.5
21081,43881,95.6
21083,40369,67.3
21085,35944,51.8
21087,37388,39.4
21089,47517,107.2
21091,49135,45.6
21093,51923,169.3
21095,24451,62.9
21097,44620,61.5
21099,37315,44.2
21101,43458,105.9
21103,50787,53.9
21105,38036,20.2
21107,44048,86.6
21109,32055,39.1
21111,52237,1948.1
21113,55450,282.3
21115,35629,89.2
21117,58674,996.7
21119,30503,46.5
21121,26061,82.5
21123,41720,54.3
21125,37235,135.6
21127,32703,38.2
21129,23297,37.8
21131,27861,28.2
21133,30293,72.6
21135,32054,28.7
21137,37930,74.1
21139,43472,30.4
21141,40982,48.6
21143,50268,38.9
21145,42894,263.6
21147,19264,42.9
21149,44242,37.8
21151,46674,189.6
21153,29578,43.2
21155,40005,57.8
21157,49126,104.4
21159,29239,56.3
21161,43082,72.8
21163,53732,93.6
21165,39688,31
21167,47574,85.7
21169,35594,34.9
21171,35665,33.3
21173,42172,134.3
21175,33523,36.5
21177,40037,67.4
21179,55182,104
21181,38900,36.6
21183,41470,40.6
21185,92237,322.2
21187,44031,30.9
21189,22736,24.1
21191,49706,53.7
21193,31820,84.5
21195,32972,82.6
21197,34647,70.5
21199,35022,95.8
21201,30694,22.8
21203,35888,53.9
21205,36411,83.4
21207,34660,69.2
21209,65598,167.4
21211,63171,110.8
21213,44989,74
21215,68916,91.4
21217,36455,92
21219,38248,33.3
21221,47259,32.5
21223,50998,58.1
21225,42139,43.8
21227,49508,210.1
21229,47843,39.4
21231,33715,45.4
21233,39273,41
21235,34103,81.4
21237,21999,33.1
21239,60604,132.1
22001,40492,94.3
22003,42176,33.8
22005,74748,369.7
22007,48656,69.2
22009,36763,50.5
22011,47350,30.8
22013,34077,17.7
22015,52145,139.3
22017,40391,290.2
22019,48219,181.2
22021,31933,19.1
22023,60194,5.3
22025,34470,14.7
22027,26877,22.8
22029,30028,29.9
22031,41443,30.4
22033,51436,966.6
22035,20795,18.4
22037,46964,44.7
22039,31745,51.3
22041,34722,33.2
22043,40577,34.7
22045,44504,127.6
22047,47128,54
22049,36394,28.6
22051,50868,1463.1
22053,40744,48.5
22055,53950,824.6
22057,52705,90.2
22059,34712,23.8
22061,34424,99.1
22063,60456,197.5
22065,29424,19.4
22067,31672,35.2
22069,29001,31.6
22071,38721,2029.4
22073,40081,251.8
22075,49635,29.5
22077,43964,40.9
22079,42655,99.9
22081,41510,23.4
22083,34745,37.1
22085,40695,28
22087,45265,95.1
22089,64707,189.1
22091,35254,27.4
22093,52055,91.5
22095,53628,215.5
22097,32163,90.3
22099,47279,70.7
22101,41345,98.4
22103,66539,276.4
22105,45901,153
22107,21906,8.7
22109,47650,90.8
22111,38916,25.9
22113,49266,49.4
22115,46620,39.4
22117,32962,70.4
22119,30891,69.5
22121,60902,123.6
22123,37304,32.3
22125,55647,38.8
22127,29472,16.1
23001,49538,230.2
23003,39021,10.8
23005,65702,337.2
23007,45541,18.1
23009,51438,34.3
23011,50116,140.8
23013,53117,108.8
23015,54041,75.6
23017,44582,27.8
23019,47886,45.3
23021,38797,4.4
23023,60457,139.1
23025,41549,13.3
23027,50162,53.1
23029,40328,12.8
23031,62618,199
24001,42771,177
24003,94502,1295.9
24005,71810,1345.5
24009,100350,416.3
24011,52469,103.5
24013,90510,373.4
24015,70516,292
24017,93973,320.2
24019,50532,60.3
24021,88502,353.5
24023,48174,46.5
24025,83445,560.1
24027,115576,1144.9
24029,56638,72.9
24031,103178,1978.2
24033,78607,1788.8
24035,89241,128.5
24037,86508,294.4
24039,39239,82.8
24041,65595,140.7
24043,58260,322.1
24045,54493,263.7
24047,59458,109.9
24510,46641,7671.5
25001,68048,548.3
25003,55190,141.6
25005,62514,991.3
25007,67535,160.2
25009,73533,1508.8
25011,57307,102.1
25013,52205,751
25015,64974,299.8
25017,92878,1837.9
25019,91942,226.2
25021,95668,1693.6
25023,82081,750.9
25025,61242,12415.7
25027,69313,528.6
26001,39424,16.2
26003,42647,10.5
26005,58487,135
26007,40954,51.8
26009,50988,49.6
26011,39947,43.8
26013,42757,9.9
26015,57312,107
26017,45983,243.7
26019,53185,54.8
26021,47132,276.2
26023,48192,89.4
26025,46213,192.8
26027,50699,106.7
26029,51567,62.3
26031,42876,36.6
26033,44030,24.7
26035,35913,54.8
26037,64903,133.1
26039,42666,25.3
26041,44639,31.7
26043,45681,34.4
26045,59244,187.3
26047,51475,69.9
26049,45231,668.5
26051,40871,51.2
26053,36689,14.9
26055,58229,187.3
26057,42256,74.7
26059,46160,78.1
26061,41379,36.3
26063,45191,39.6
26065,49109,505.1
26067,51980,111.9
26069,41414,47.1
26071,36773,10.1
26073,42771,122.8
26075,49715,228.4
26077,51945,445.7
26079,43431,30.6
26081,57302,711.5
26083,41118,4
26085,32309,20.3
26087,56186,137.4
26089,62646,62.5
26091,51339,133.3
26093,78430,320.2
26095,41221,7.4
26097,42559,10.9
26099,58175,1754.9
26101,44882,45.6
26103,48491,37.1
26105,45524,58
26107,43470,77.1
26109,44480,23
26111,57117,162
26113,42370,26.3
26115,59479,276.7
26117,44651,89.8
26119,39152,17.9
26121,46077,344.9
26123,45645,59.6
26125,73369,1385.7
26127,44382,51.9
26129,38149,38.5
26131,36073,5.2
26133,41099,41.5
26135,36833,15.3
26137,50823,46.9
26139,63962,468.2
26141,43758,20.3
26143,37834,47.1
26145,45034,250.2
26147,53641,226.1
26149,47856,122.4
26151,44417,44.8
26153,37428,7.2
26155,50967,133.1
26157,45495,69.4
26159,49119,125.5
26161,65618,488.4
26163,43702,2974.4
26165,42793,57.9
27001,45860,8.9
27003,76796,782.1
27005,55884,24.7
27007,45923,17.7
27009,53574,94.2
27011,48299,10.6
27013,53752,85.6
27015,55764,42.4
27017,58874,41.1
27019,93095,256.9
27021,50162,14.1
27023,57601,21.4
27025,76747,129.9
27027,61409,56.4
27029,45638,8.7
27031,51903,3.6
27033,50524,18.3
27035,53121,62.6
27037,79995,709
27039,71078,45.7
27041,58667,56.5
27043,50847,20.4
27045,57093,24.2
27047,51174,44.2
27049,62431,61
27051,53727,11
27053,71154,2081.7
27055,56837,34.5
27057,52941,22.1
27059,67565,86.8
27061,52050,16.9
27063,55122,14.6
27065,50509,31.1
27067,56604,53
27069,52304,4.1
27071,47131,4.3
27073,50195,9.5
27075,56078,5.2
27077,46943,3.1
27079,65500,61.7
27081,51102,11
27083,54181,36.2
27085,59869,74.6
27087,42439,9.7
27089,57289,5.3
27091,53627,29.3
27093,59611,38.3
27095,53737,45.6
27097,52855,29.5
27099,53700,55.1
27101,54211,12.4
27103,62593,73
27105,53267,29.9
27107,53034,7.9
27109,72337,220.8
27111,55181,29.1
27113,53893,22.6
27115,47285,21.1
27117,48909,20.6
27119,55393,16
27121,58198,16.4
27123,60301,3341.7
27125,52500,9.5
27127,51871,18.3
27129,56721,16
27131,63311,129.4
27133,56753,20.1
27135,56273,9.3
27137,50936,32
27139,93151,364.5
27141,83895,204.4
27143,60848,25.9
27145,59564,112.2
27147,58882,85.1
27149,57552,17.3
27151,49556,13.2
27153,49213,26.3
27155,48889,6.2
27157,61973,41.4
27159,45018,25.8
27161,55189,45.2
27163,89598,619.7
27165,50044,25.8
27167,52917,8.8
27169,53975,82.2
27171,77953,188.5
27173,54645,13.8
28001,30359,69.8
28003,38919,92.6
28005,30129,18
28007,33815,26.6
28009,40605,21.5
28011,28468,39
28013,33370,25.5
28015,43068,16.9
28017,33579,34.7
28019,34542,20.4
28021,24601,19.7
28023,37626,24.2
28025,34118,50.3
28027,28728,47.3
28029,38046,37.9
28031,36471,47.3
28033,62595,338.7
28035,39555,160.7
28037,42388,14.4
28039,47640,47.2
28041,48029,20.2
28043,34876,51.9
28045,47518,92.7
28047,44684,326
28049,41011,282
28051,20330,25.4
28053,26188,22.4
28055,25609,3.4
28057,38358,43.9
28059,50274,193.2
28061,35271,25.2
28063,21779,14.9
28065,26736,30.6
28067,38656,97.5
28069,27016,13.6
28071,45019,75
28073,56129,112
28075,41340,114.1
28077,40432,30
28079,35578,40.8
28081,45985,184.3
28083,25210,54.5
28085,37308,59.5
28087,43198,118.3
28089,68600,133.2
28091,30998,49.9
28093,41134,52.6
28095,39444,48.3
28097,34983,26.8
28099,36755,52.1
28101,37643,37.6
28103,30808,16.6
28105,37348,104
28107,35891,50.7
28109,44734,68.9
28111,35374,18.9
28113,30949,98.8
28115,41865,60.2
28117,32854,60.9
28119,25671,20.3
28121,61605,182.6
28123,33601,46.4
28125,30033,11.4
28127,37591,46.7
28129,37697,25.9
28131,46283,39.9
28133,28556,42.2
28135,30000,23.8
28137,46233,71.4
28139,39351,48.6
28141,36672,46.2
28143,32052,23.7
28145,40076,65.3
28147,31077,38.2
28149,41635,82.9
28151,29387,70.6
28153,35215,25.6
28155,35634,24.4
28157,23340,14.6
28159,33313,31.6
28161,37647,27.1
28163,28330,30.4
29001,38750,45.1
29003,56658,40
29005,45259,10.4
29007,44056,36.9
29009,40638,45.7
29011,41184,21
29013,45605,20.4
29015,35097,27.1
29017,40791,20
29019,52005,237.3
29021,48652,218.6
29023,37878,61.6
29025,44975,22.1
29027,53180,53.1
29029,50496,67.1
29031,49554,130.8
29033,43583,13.4
29035,37875,12.3
29037,65352,142.8
29039,35930,29.5
29041,43186,10.4
29043,55761,137.6
29045,45216,14.1
29047,65675,558.6
29049,57591,49.5
29051,54216,193
29053,46547,31.2
29055,37171,33.3
29057,38880,16.1
29059,41441,31
29061,45707,15
29063,46517,30.6
29065,38829,20.8
29067,33003,16.8
29069,32348,59.1
29071,53849,110
29073,50687,29.4
29075,43777,13.7
29077,43175,407.5
29079,41092,23.6
29081,42889,12.4
29083,41089,32
29085,34746,24.1
29087,43981,10.6
29089,50356,21.9
29091,34984,43.6
29093,36457,19.3
29095,50652,1115.3
29097,45328,183.9
29099,60765,333.1
29101,50689,63.4
29103,39674,8.2
29105,42646,46.5
29107,52557,53.1
29109,41673,63.2
29111,47148,20.2
29113,58603,83.9
29115,41652,20.7
29117,45929,28.5
29119,41207,42.8
29121,38903,19.4
29123,37484,24.7
29125,41715,17.4
29127,44098,65.9
29129,43314,8.3
29131,41461,41.8
29133,32212,34.9
29135,50897,37.6
29137,42011,13.6
29139,43094,22.8
29141,34776,34.4
29143,33846,28.1
29145,46723,93
29147,41370,26.6
29149,32070,13.8
29151,54503,23
29153,32021,13.1
29155,32468,37.1
29157,54935,40
29159,43097,61.9
29161,41681,67.2
29163,45112,27.6
29165,74199,212.6
29167,44805,49
29169,51137,95.5
29171,37028,9.6
29173,50161,21.6
29175,44754,52.7
29177,57270,41.3
29179,40265,8.3
29181,33849,22.4
29183,78380,643.2
29185,35066,14.6
29186,50959,36.4
29187,42873,144.6
29189,62931,1967.2
29195,41567,30.9
29197,38848,14.4
29199,42939,11.1
29201,41628,93.3
29203,31202,8.4
29205,42593,12.7
29207,40076,36.4
29209,43292,69.4
29211,42034,10.4
29213,39661,81.7
29215,35571,22.1
29217,41479,25.6
29219,56193,75.9
29221,37810,33.2
29223,35135,17.8
29225,45185,61.1
29227,48214,8.1
29229,31290,27.6
29510,38664,5157.5
30001,43880,1.7
30003,47276,2.6
30005,35506,1.5
30007,55295,4.7
30009,56988,4.9
30011,45347,0.3
30013,46827,30.1
30015,39577,1.5
30017,53050,3.1
30019,53591,1.2
30021,59622,3.8
30023,41235,12.6
30025,56806,1.8
30027,47110,2.7
30029,51410,17.9
30031,59397,34.4
30033,47188,0.3
30035,29201,4.5
30037,43854,0.8
30039,49063,1.8
30041,45269,5.6
30043,64911,6.9
30045,43281,1.1
30047,42582,19.3
30049,60789,18.3
30051,46641,1.6
30053,36934,5.4
30055,46193,0.7
30057,47900,2.1
30059,41343,0.8
30061,40117,3.5
30063,49412,42.1
30065,38156,2.4
30067,44920,5.6
30069,46429,0.3
30071,42101,0.8
30073,44597,3.8
30075,51136,0.5
30077,44352,3
30079,50850,0.7
30081,44733,16.8
30083,66572,4.7
30085,39219,4.4
30087,54709,1.8
30089,36445,4.1
30091,51940,2
30093,40480,47.6
30095,61998,5.1
30097,49761,2
30099,51060,2.7
30101,46735,2.8
30103,42454,0.7
30105,55267,1.5
30107,37222,1.5
30109,47132,1.1
30111,57955,56.2
31001,51721,55.7
31003,46949,7.8
31005,41250,0.6
31007,55000,0.9
31009,52000,0.7
31011,53854,8
31013,56328,10.5
31015,48750,3.9
31017,42773,2.6
31019,55053,47.6
31021,50174,14
31023,52448,14.4
31025,68284,45.3
31027,57208,12
31029,54568,4.4
31031,53226,1
31033,58770,8.4
31035,54167,11.4
31037,54876,25.5
31039,50734,16
31041,48836,4.2
31043,52401,79.5
31045,46146,6.6
31047,51238,24
31049,53438,4.4
31051,57036,12.6
31053,51748,69.4
31055,58640,1574.4
31057,44653,2.2
31059,56750,10.2
31061,49453,5.6
31063,52090,2.8
31065,43400,6.9
31067,52223,26.2
31069,48125,1.2
31071,46509,3.6
31073,61769,4.5
31075,45833,0.8
31077,47218,4.5
31079,53807,107.3
31081,61944,16.8
31083,46750,6.2
31085,44946,1.4
31087,41582,4.1
31089,52050,4.3
31091,41607,1
31093,53648,11
31095,46576,13.2
31097,49564,13.9
31099,53207,12.6
31101,45078,7.9
31103,48864,1.1
31105,43017,4
31107,48072,7.9
31109,55747,340.8
31111,55875,14.2
31113,50278,1.3
31115,58625,1.1
31117,60714,0.6
31119,49865,60.9
31121,53536,16.2
31123,44201,3.5
31125,45428,8.5
31127,55536,17.8
31129,42055,7.8
31131,54605,25.6
31133,42176,6.4
31135,58125,3.4
31137,56408,17
31139,55417,12.7
31141,58679,47.8
31143,63667,12.3
31145,42882,15.4
31147,46839,15.2
31149,52361,1.5
31151,50932,24.7
31153,75752,664.6
31155,65015,27.7
31157,47975,50
31159,63095,29.3
31161,41209,2.2
31163,48704,5.6
31165,45375,0.6
31167,57534,14.3
31169,48151,9.1
31171,53173,0.9
31173,44701,17.6
31175,50270,7.5
31177,66485,51.9
31179,58093,21.7
31181,43831,6.6
31183,49706,1.4
31185,59966,23.9
32001,46914,5
32003,54882,247.3
32005,61176,66.2
32007,76178,2.8
32009,39405,0.2
32011,67159,0.5
32013,69324,1.7
32015,79865,1.1
32017,52971,0.5
32019,50920,26
32021,39375,1.3
32023,44225,2.4
32027,52308,1.1
32029,63607,15.3
32031,58595,66.9
32033,60358,1.1
32510,49341,382.1
33001,65834,150.1
33003,58139,51.4
33005,60148,109.1
33007,45386,18.4
33009,61036,52.2
33011,75777,457.4
33013,69856,156.8
33015,85619,425
33017,67805,333.7
33019,59419,81.4
34001,57514,494.1
34003,91572,3884.5
34005,82839,561.9
34007,65037,2321.5
34009,62332,386.9
34011,50000,324.4
34013,57365,6211.5
34015,81489,895.3
34017,62681,13731.4
34019,110969,300
34021,77027,1632.2
34023,83133,2621.6
34025,91807,1344.7
34027,107034,1069.8
34029,65771,917
34031,63339,2715.3
34033,63934,199.1
34035,106046,1071.7
34037,89238,287.6
34039,73376,5216.1
34041,75500,304.5
35001,50386,570.8
35003,42047,0.5
35005,42177,10.8
35006,36089,6
35007,33042,3.7
35009,41941,34.4
35011,31439,0.9
35013,39114,55
35015,60703,12.9
35017,40470,7.4
35019,26060,1.5
35021,35096,0.3
35023,31829,1.4
35025,59285,14.7
35027,42145,4.2
35028,110190,164.4
35029,27602,8.5
35031,30336,13.1
35033,26644,2.5
35035,43533,9.6
35037,26663,3.1
35039,33422,6.9
35041,35928,8.1
35043,60345,35.5
35045,49686,23.6
35047,29168,6.2
35049,57945,75.5
35051,29690,2.9
35053,34008,2.7
35055,35314,15
35057,35543,4.9
35059,38240,1.2
35061,43428,71.8
36001,62293,581.9
36003,45359,47.6
36005,36593,32903.6
36007,49064,284.2
36009,45571,61.4
36011,54664,115.7
36013,44304,127.2
36015,51251,218.1
36017,48567,56.5
36019,52759,79.1
36021,61093,99.4
36023,52451,98.9
36025,47921,33.3
36027,75585,373.9
36029,54006,881.4
36031,55294,21.9
36033,50733,31.7
36035,48033,112.1
36037,54033,121.9
36039,53214,76.1
36041,55587,2.8
36043,49077,45.7
36045,50322,91.6
36047,52782,35369.1
36049,51475,21.3
36051,53654,103.5
36053,58365,112.2
36055,55272,1132.6
36057,47449,124.6
36059,105744,4704.8
36061,79781,69467.5
36063,51656,414.4
36065,51316,193.7
36067,57271,600
36069,61710,167.6
36071,75146,459.3
36073,49223,109.6
36075,51755,128.3
36077,51254,62.2
36079,99608,432.9
36081,62008,20553.6
36083,63166,244.4
36085,76244,8030.3
36087,88571,1795.9
36089,48330,41.8
36091,77548,271.1
36093,61315,756.6
36095,51842,52.7
36097,47810,55.9
36099,51601,108.9
36101,50157,71.2
36103,92838,1637.4
36105,53877,80.1
36107,57153,98.6
36109,56200,214
36111,61652,162.3
36113,60222,75.8
36115,52527,76.1
36117,53693,155.3
36119,89968,2204.7
36121,55459,71.1
36123,51758,75
37001,44281,356.5
37003,44523,143.1
37005,38944,47.5
37007,38123,50.7
37009,40293,64
37011,37109,72
37013,41101,57.7
37015,31287,30.4
37017,32396,40.2
37019,51164,126.8
37021,48464,362.9
37023,40854,179.3
37025,60716,492.1
37027,40735,176.1
37029,68327,41.5
37031,51584,131.3
37033,39428,55.8
37035,48649,387.1
37037,59684,93.1
37039,38115,60.3
37041,41979,85.8
37043,37070,49.3
37045,40002,211.3
37047,36261,62
37049,49391,146
37051,44737,489.7
37053,65758,89.9
37055,55640,88.5
37057,45806,294.7
37059,53493,156.2
37061,36679,71.7
37063,56393,935.7
37065,32929,111.9
37067,48369,859.2
37069,48344,123.3
37071,46626,578.8
37073,52481,35.8
37075,36030,30.3
37077,52089,112.7
37079,36989,80.3
37081,49253,756.4
37083,33573,75.5
37085,50323,192.7
37087,45538,106.6
37089,50454,286.1
37091,35806,69.9
37093,45713,120.2
37095,40532,9.5
37097,55957,277.8
37099,45078,82.1
37101,54610,213.4
37103,37256,21.6
37105,49272,227
37107,37515,148.5
37109,50782,262.7
37111,38776,102.1
37113,40659,65.8
37115,40563,46.2
37117,35969,53.1
37119,61695,1755.5
37121,42534,70.4
37123,38254,56.5
37125,54468,126.5
37127,46187,177.3
37129,51457,1058.1
37131,33508,41.2
37133,48162,233.1
37135,65522,336.2
37137,45211,39.1
37139,47264,179.2
37141,49357,60
37143,44039,54.4
37145,44921,100.6
37147,43526,257.9
37149,48412,86.3
37151,43598,181.1
37153,33607,98.4
37155,32407,141.3
37157,41700,165.6
37159,46978,270.7
37161,38573,120.2
37163,37765,67.1
37165,32739,113.4
37167,46017,153.3
37169,44490,105.6
37171,39071,138.4
37173,35271,26.5
37175,44559,87.4
37177,32411,11.3
37179,70858,318.7
37181,35246,179.2
37183,73577,1078.8
37185,35443,48.9
37187,34557,38
37189,41541,163.4
37191,41766,221.7
37193,37173,91.9
37195,42095,220.6
37197,41126,114.7
37199,37610,57
38001,54700,2.4
38003,56237,7.4
38005,44500,4.8
38007,91518,0.7
38009,58767,3.9
38011,65435,2.7
38013,71667,1.8
38015,67308,49.8
38017,58026,84.9
38019,65505,2.7
38021,58357,4.7
38023,54223,1.6
38025,68594,1.8
38027,55294,3.8
38029,46581,2.4
38031,59500,5.3
38033,44018,1.7
38035,51410,46.5
38037,50875,1.4
38039,50272,3.4
38041,56118,2.2
38043,60225,1.8
38045,57463,3.6
38047,57379,2
38049,61788,2.9
38051,46012,2.9
38053,79316,2.3
38055,63926,4.2
38057,80337,8.1
38059,65385,14.3
38061,69622,4.2
38063,52417,3.2
38065,71500,2.6
38067,61393,6.6
38069,45996,4.3
38071,55927,9.6
38073,62524,6.3
38075,66023,2.8
38077,60551,11.4
38079,36170,15.4
38081,60824,4.5
38083,49750,1.4
38085,40795,3.8
38087,61250,0.6
38089,77328,18.1
38091,65437,2.8
38093,56088,9.5
38095,54625,2.2
38097,60952,9.4
38099,50781,8.7
38101,64159,30.6
38103,54464,3.3
38105,89874,10.8
39001,36320,48.9
39003,47905,264.2
39005,50893,125.6
39007,43017,144.6
39009,37191,128.6
39011,59516,114.5
39013,46484,132.3
39015,49188,91.5
39017,62188,788.2
39019,51748,73.1
39021,54495,93.5
39023,46275,348
39025,64183,436.5
39027,49997,102.9
39029,45498,202.7
39031,43251,65.4
39033,41726,109
39035,46720,2800
39037,50064,88.5
39039,55295,94.9
39041,100229,393.2
39043,51033,306.4
39045,63424,289.8
39047,44289,71.4
39049,56319,2186.1
39051,57774,105.3
39053,42002,66.3
39055,77104,233.4
39057,65032,390.5
39059,42744,76.8
39061,52389,1976.7
39063,52831,140.7
39065,46404,68.1
39067,46223,39.4
39069,58070,67.8
39071,42333,78.8
39073,48073,69.7
39075,58728,100.3
39077,49710,121.3
39079,43397,79
39081,43161,170.7
39083,51211,115.9
39085,61137,1011.2
39087,45466,137.7
39089,59747,243.9
39091,53051,100
39093,54987,613.6
39095,44820,1296.2
39097,62897,93.2
39099,43251,580.2
39101,44708,164.7
39103,71595,409
39105,42105,55.3
39107,57052,88.3
39109,54568,252.1
39111,43299,32.1
39113,47045,1159.5
39115,40276,36.2
39117,52767,85.8
39119,43325,129.5
39121,42171,36.8
39123,56193,162.5
39125,49866,47.1
39127,46477,88.4
39129,60314,111.1
39131,43562,65.2
39133,53816,331.2
39135,52661,99.7
39137,61161,71.5
39139,44138,251.3
39141,45792,113.3
39143,50370,149.2
39145,38978,130.3
39147,49153,103
39149,57673,121.2
39151,50117,652.9
39153,53291,1312.6
39155,45380,340.1
39157,49460,163.1
39159,78848,121.1
39161,50974,70.3
39163,41541,32.6
39165,79397,530
39167,46021,97.8
39169,54037,206.4
39171,47593,89.4
39173,58033,203.3
39175,49767,55.6
40001,33366,39.6
40003,57432,6.5
40005,37106,14.5
40007,52571,3.1
40009,49625,24.5
40011,46362,12.9
40013,41197,46.9
40015,41626,23.2
40017,69220,128.9
40019,47754,57.8
40021,39187,62.7
40023,30298,19.7
40025,44667,1.3
40027,60632,474.7
40029,39931,11.5
40031,49569,116.1
40033,49962,9.8
40035,40465,19.7
40037,47147,73.6
40039,48520,27.8
40041,38234,56.2
40043,52930,4.8
40045,50594,3.4
40047,50724,57.2
40049,42567,34.4
40051,55527,47.6
40053,54460,4.5
40055,35898,9.8
40057,38264,5.4
40059,46915,3.5
40061,38017,22.1
40063,38425,17.4
40065,45189,32.9
40067,35933,8.5
40069,38636,17
40071,44067,50.6
40073,62829,16.7
40075,38191,9.3
40077,40539,15.4
40079,39253,31.7
40081,47539,36
40083,59133,56.3
40085,49409,18.3
40087,62081,60.5
40089,34250,17.9
40091,38163,32.7
40093,52056,7.9
40095,45671,42.7
40097,45302,63
40099,51844,32.4
40101,41329,87.6
40103,52372,15.8
40105,41282,18.6
40107,38346,19.7
40109,50762,1013.8
40111,39567,57.5
40113,47683,21.1
40115,38472,67.6
40117,46460,29.2
40119,39149,113
40121,44941,35.1
40123,46689,52
40125,46159,88.2
40127,35414,8.3
40129,51286,3.2
40131,61320,128.6
40133,37741,40.3
40135,37455,63
40137,44805,51.8
40139,49469,10.1
40141,40728,9.2
40143,52017,1058.1
40145,59210,130.1
40147,50388,122.7
40149,51909,11.6
40151,57097,6.9
40153,57602,16.2
41001,43765,5.3
41003,54682,126.6
41005,72408,201
41007,49828,44.7
41009,57449,75.1
41011,40848,39.5
41013,41777,7
41015,42519,13.7
41017,59152,52.3
41019,44023,21.4
41021,39831,1.6
41023,44826,1.6
41025,39504,0.7
41027,57269,42.8
41029,48688,73
41031,48464,12.2
41033,40705,50.4
41035,42531,11.2
41037,32769,1
41039,47710,77.2
41041,43291,47
41043,49515,50.9
41045,37112,3.2
41047,53828,266.7
41049,54386,5.5
41051,60369,1704.9
41053,56032,101.8
41055,42074,2.1
41057,45061,22.9
41059,50071,23.6
41061,46228,12.6
41063,44877,2.2
41065,48510,10.6
41067,74033,731.4
41069,33563,0.8
41071,58392,138.6
42001,62661,195.5
42003,56333,1675.6
42005,47527,105.5
42007,53981,392.3
42009,48703,49.2
42011,59580,480.4
42013,45664,241.7
42015,50900,54.6
42017,82031,1034.7
42019,66037,233.1
42021,44943,208.7
42023,40402,12.8
42025,51236,171.1
42027,56466,138.7
42029,92417,664.7
42031,44373,66.6
42033,45188,71.3
42035,47990,44.2
42037,48395,139.3
42039,47179,87.7
42041,65544,431.6
42043,57071,510.6
42045,69839,3040.5
42047,49876,38.6
42049,48192,351.1
42051,41632,172.8
42053,37106,18.1
42055,58267,193.7
42057,50007,33.9
42059,50972,67.2
42061,46765,52.5
42063,46306,107.5
42065,45342,69.3
42067,50571,63
42069,48380,467.1
42071,61492,550.4
42073,47188,254.4
42075,57698,369.1
42077,60116,1012.5
42079,49290,360.4
42081,50634,94.5
42083,45866,44.4
42085,47340,173.4
42087,46286,113.6
42089,61430,279.2
42091,84791,1655.9
42093,56250,140.3
42095,65390,805.4
42097,44534,206.2
42099,60847,83.4
42101,40649,11379.5
42103,63417,105.3
42105,41406,16.1
42107,47642,190.4
42109,54182,120.8
42111,46132,72.4
42113,45519,14.3
42115,52014,52.7
42117,50017,37
42119,53768,142.2
42121,46487,81.5
42123,45781,47.3
42125,59309,242.5
42127,52161,72.8
42129,56702,355.4
42131,55965,71.2
42133,61707,481.1
44001,74630,2064
44003,69047,985.9
44005,75463,809.6
44007,52530,1530.3
44009,77862,385.7
45001,35254,51.8
45003,47713,149.5
45005,23331,25.5
45007,45551,261.6
45009,32330,40.6
45011,34035,41.2
45013,60603,281.5
45015,56697,161.8
45017,44010,39.8
45019,57882,382.3
45021,35286,140.9
45023,37421,57.1
45025,38469,58.5
45027,35838,57.6
45029,34996,36.8
45031,36217,122.4
45033,30866,79.2
45035,58685,238.2
45037,47500,53.9
45039,35551,34.9
45041,43310,171.1
45043,46967,73.9
45045,53739,574.7
45047,39196,153.2
45049,32147,37.7
45051,46475,237.5
45053,39740,37.8
45055,46565,84.9
45057,50557,139.6
45059,40580,93.2
45061,31963,46.9
45063,57482,375.4
45065,40622,28.5
45067,31129,67.6
45069,33921,60.3
45071,39600,59.5
45073,43978,118.6
45075,34943,83.6
45077,45332,240.2
45079,52082,507.9
45081,41885,43.9
45083,47575,351.9
45085,41946,161.6
45087,37493,56.3
45089,30976,36.8
45091,59394,332.2
46003,57257,3.8
46005,48995,13.8
46007,45725,2.9
46009,52923,12.5
46011,53473,40.3
46013,53807,21.3
46015,50870,6.4
46017,30500,4.1
46019,44786,4.5
46021,51548,2
46023,44104,8.3
46025,47500,3.9
46027,41773,33.6
46029,52025,39.5
46031,32260,1.6
46033,56449,5.3
46035,48665,44.8
46037,43902,5.6
46039,57969,7
46041,41190,2.3
46043,52543,7
46045,65380,3.6
46047,48862,4.1
46049,46750,2.4
46051,56276,10.8
46053,42679,4.2
46055,38873,1.1
46057,61784,11.6
46059,50720,2.4
46061,62448,7.7
46063,55972,0.5
46065,59741,23
46067,49583,9
46069,53696,1.7
46071,38041,1.6
46073,49882,3.9
46075,39432,1
46077,58794,6.2
46079,58467,19.9
46081,49275,30.1
46083,81849,77.7
46085,47113,2.3
46087,60808,9.8
46089,41674,2.2
46091,60948,5.6
46093,54286,7.3
46095,31165,1.6
46097,50658,4.2
46099,57322,210
46101,56233,12.5
46102,NA,6.5
46103,52245,36.4
46105,50450,1
46107,51597,2.7
46109,51228,9.2
46111,54677,4.1
46115,52000,4.3
46117,63233,2.1
46119,60694,1.4
46121,26285,6.9
46123,48409,3.5
46125,54294,13.5
46127,65434,31.3
46129,46623,7.7
46135,50029,43.1
46137,35000,1.4
47001,47206,222.8
47003,47117,95.1
47005,33702,41.8
47007,40450,31.7
47009,51172,220.2
47011,46381,301
47013,35377,84.8
47015,47457,52
47017,38201,47.6
47019,34625,168.3
47021,56150,129.3
47023,43740,60
47025,35428,74.1
47027,30801,33.2
47029,32027,82.1
47031,46614,123.1
47033,39692,54.9
47035,40994,82.3
47037,53419,1243.3
47039,36427,35.2
47041,40690,61.5
47043,47398,101.4
47045,44386,74.8
47047,57919,54.5
47049,32616,36
47051,46882,74
47053,41315,82.4
47055,43925,48.3
47057,40088,80.7
47059,38266,110.6
47061,31919,38
47063,42042,388
47065,50273,620.3
47067,29619,30.7
47069,36686,40.8
47071,39092,45.1
47073,38728,116.7
47075,36118,35.2
47077,42711,53.4
47079,40415,57.5
47081,39333,40.3
47083,41820,42.1
47085,40998,34.9
47087,33933,37.7
47089,45641,187.6
47091,32994,61.1
47093,52458,850.5
47095,31993,47.2
47097,35551,58.9
47099,41522,67.8
47101,37092,43.1
47103,42153,58.5
47105,55431,211.8
47107,39990,121.5
47109,34353,46.3
47111,35533,72.4
47113,44496,176.4
47115,45366,56.7
47117,46837,81.5
47119,52080,132
47121,39786,60.2
47123,36931,70
47125,53737,319.6
47127,51671,49.2
47129,40707,42.1
47131,38063,58.4
47133,36052,50.9
47135,31503,19.1
47137,39313,31.2
47139,42307,38.7
47141,37802,180.3
47143,39368,100.9
47145,45407,150.2
47147,57424,139.2
47149,62149,424
47151,31875,41.8
47153,51312,53.1
47155,44473,151.7
47157,48415,1215.5
47159,44275,61
47161,44090,29
47163,42251,379.4
47165,61584,303.4
47167,57212,133.3
47169,41776,68.9
47171,36576,98.4
47173,40132,85.5
47175,43631,20.3
47177,36765,92.1
47179,44180,376.7
47181,34299,23.2
47183,36550,60.3
47185,37654,68.6
47187,103543,314.4
47189,66123,199.7
48001,42313,55
48003,70753,9.9
48005,46472,108.8
48007,44601,91.9
48009,63192,10
48011,68750,2.1
48013,55194,36.8
48015,62614,44
48017,43523,8.7
48019,56413,25.9
48021,59185,83.5
48023,36157,4.3
48025,45415,36.2
48027,52583,295.2
48029,53999,1383.1
48031,58500,14.8
48033,77708,0.7
48035,48677,18.5
48037,46283,104.6
48039,76426,230.7
48041,43907,332.8
48043,38906,1.5
48045,42500,1.8
48047,24794,7.7
48049,43062,40.3
48051,52510,26.1
48053,57173,43
48055,51346,69.8
48057,58788,42.2
48059,40945,15.1
48061,36095,456
48063,41811,63.3
48065,67010,6.7
48067,41432,32.5
48069,44643,9
48071,74368,58.8
48073,44294,48.3
48075,40432,10.1
48077,46863,9.9
48079,37500,4
48081,42500,3.6
48083,40804,7
48085,90124,930
48087,46348,3.3
48089,50241,21.7
48091,73655,193.9
48093,42419,14.9
48095,46696,4.2
48097,60027,43.9
48099,50865,71.7
48101,33534,1.7
48103,63935,5.6
48105,52310,1.3
48107,38674,6.7
48109,33125,0.6
48111,45580,4.5
48113,53626,2718
48115,43201,15.4
48117,51543,12.9
48119,42642,20.4
48121,80290,754.3
48123,50960,22.1
48125,43088,2.7
48127,31384,7.5
48129,44429,4
48131,35443,6.6
48133,32135,20.1
48135,59528,152.8
48137,48462,0.9
48139,67371,159.9
48141,43244,790.6
48143,47013,35
48145,38834,23.3
48147,47875,38.1
48149,56941,25.8
48151,45294,4.4
48153,48767,6.5
48155,50000,1.9
48157,93645,679.5
48159,43967,37.3
48161,45890,22.6
48163,37382,15.2
48165,58167,11.7
48167,65702,769.9
48169,53832,7.2
48171,56267,23.5
48173,64886,1.4
48175,56737,8.5
48177,47516,18.6
48179,48314,24.3
48181,52683,129.6
48183,47970,445.4
48185,49745,33.8
48187,66187,184.9
48189,46012,36.1
48191,31324,3.8
48193,46611,10.2
48195,40678,6.1
48197,37995,6
48199,56131,61.3
48201,57791,2402.4
48203,48644,72.9
48205,64427,4.1
48207,43529,6.5
48209,62815,231.7
48211,68679,4.2
48213,44888,89.9
48215,37097,493.2
48217,45970,36.6
48219,49184,25.2
48221,60275,121.7
48223,47832,45.8
48225,33552,19.3
48227,50855,38.9
48229,26346,0.8
48231,49319,102.5
48233,50035,25
48235,63021,1.5
48237,52829,9.9
48239,58504,17
48241,41960,38
48243,46534,1
48245,46315,287.9
48247,31403,4.7
48249,41103,47.2
48251,60458,208.3
48253,48601,21.8
48255,53051,19.8
48257,63926,132.4
48259,81023,50.4
48261,24800,0.3
48263,52250,0.9
48265,48698,45
48267,41095,3.7
48269,56964,0.3
48271,34926,2.6
48273,41700,36.4
48275,46319,4.4
48277,42198,54.9
48279,43712,13.8
48281,54467,27.6
48283,44601,4.6
48285,51708,19.9
48287,55741,26.4
48289,44875,15.7
48291,48344,65.3
48293,40356,25.8
48295,59583,3.5
48297,51480,11.1
48299,50524,20.7
48301,80938,0.1
48303,49078,311.3
48305,44922,6.6
48307,42367,7.8
48309,46262,226.5
48311,71389,0.6
48313,44004,29.3
48315,36938,27.7
48317,71115,5.2
48319,40949,4.3
48321,44896,33.4
48323,37734,42.4
48325,59305,34.7
48327,37917,2.5
48329,75815,152
48331,41768,24.3
48333,46318,6.6
48335,52194,10.3
48337,46592,21.2
48339,74323,437.5
48341,52469,24.3
48343,40227,51.3
48345,40598,1.2
48347,41482,68.2
48349,45103,47.3
48351,40180,15.5
48353,42019,16.7
48355,53317,405.8
48357,50120,11.1
48359,62426,1.4
48361,53667,245.3
48363,45067,29.5
48365,49704,29.7
48367,70608,129.4
48369,50410,11.7
48371,50543,3.3
48373,43267,43
48375,41852,133.3
48377,26486,2
48379,48308,47.6
48381,65564,132.4
48383,59760,2.9
48385,36493,4.7
48387,35356,12.4
48389,49390,5.2
48391,50338,9.6
48393,79167,1
48395,52189,19.4
48397,93269,616.7
48399,41226,10
48401,49270,57.7
48403,33561,22
48405,32394,16.7
48407,43421,46.3
48409,53332,93.5
48411,40301,5.4
48413,63432,2.6
48415,54565,18.7
48417,46685,3.7
48419,38121,32
48421,54961,3.3
48423,50742,227.6
48425,52346,45.5
48427,27133,49.8
48429,45862,10.7
48431,50000,1.2
48433,46786,1.6
48435,60996,2.8
48437,37883,8.8
48439,62532,2094.7
48441,49161,143.6
48443,26063,0.4
48445,42441,14.2
48447,37279,1.8
48449,46980,79.6
48451,49662,72.4
48453,68350,1034.4
48455,37398,21
48457,44396,23.5
48459,48796,67.4
48461,52750,2.7
48463,40781,17
48465,44609,15.5
48467,50061,62.4
48469,55740,98.4
48471,41456,86.5
48473,53506,84.1
48475,63333,12.8
48477,55793,55.8
48479,40442,74.5
48481,50145,38
48483,50910,5.9
48485,45776,209.5
48487,43913,13.9
48489,29104,37.5
48491,79123,378
48493,71942,53.4
48495,55000,8.5
48497,59081,65.4
48499,48038,65
48501,62500,9.9
48503,46351,20.3
48505,34550,14
48507,25988,9
49001,47878,2.6
49003,58835,8.7
49005,53812,96.7
49007,46994,14.5
49009,85000,1.5
49011,75961,1025.8
49013,63000,5.7
49015,51852,2.5
49017,51700,1
49019,46658,2.5
49021,45422,14
49023,57590,3
49025,50266,1.8
49027,59312,1.9
49029,86071,15.5
49031,41750,2.1
49033,52917,2.2
49035,67922,1387.1
49037,42581,1.9
49039,50928,17.5
49041,50850,10.9
49043,94952,19.4
49045,66542,8.4
49047,67012,7.3
49049,67042,257.8
49051,74552,20
49053,55175,56.9
49055,42444,1.1
49057,62036,401.4
50001,61875,48
50003,52251,55
50005,47371,48.1
50007,66906,291.7
50009,38767,9.5
50011,62214,75.3
50013,66111,85.2
50015,54899,53.3
50017,56584,42.1
50019,45664,39.3
50021,52635,66.3
50023,60602,86.6
50025,50831,56.7
50027,56828,58.5
51001,42260,73.8
51003,72265,137.3
51005,46020,36.5
51007,58535,35.7
51009,49677,68.3
51011,54875,44.9
51013,112138,7993.6
51015,59544,76.3
51017,44483,8.9
51019,59405,91.2
51021,46927,19.1
51023,64733,61.2
51025,40871,30.8
51027,30828,47.9
51029,46610,29.6
51031,48823,108.8
51033,60925,54.1
51035,41145,63.3
51036,55069,39.7
51037,38350,26.5
51041,76969,747.1
51043,72129,79.7
51045,53526,15.7
51047,69693,123.1
51049,43020,33.8
51051,29916,48.1
51053,54640,55.6
51057,50629,43.4
51059,117515,2766.8
51061,94775,100.7
51063,48396,40.2
51065,67964,89.8
51067,51208,81.3
51069,71037,189.4
51071,49734,48.6
51073,63881,169.2
51075,86652,77.2
51077,32048,35.1
51079,62952,117.8
51081,42121,41.5
51083,39233,44.3
51085,84955,213.1
51087,66447,1313.4
51089,36779,141.6
51091,45094,5.6
51093,67767,111.8
51095,80772,470.4
51097,51495,22
51099,84770,131.3
51101,67423,58.2
51103,51495,85.5
51105,32590,58.8
51107,129588,605.8
51109,56946,66.8
51111,39537,29.9
51113,52287,41.5
51115,63622,104.5
51117,41126,52.3
51119,50483,84.1
51121,53424,243.9
51125,53834,31.9
51127,78429,87.9
51131,41468,58.5
51133,56677,64.5
51135,38410,50.4
51137,67196,98.2
51139,46140,77.3
51141,37757,38.3
51143,44356,65.5
51145,80441,107.8
51147,44147,66.8
51149,68461,134.7
51153,101059,1195
51155,49691,109
51157,62541,27.7
51159,47341,48.3
51161,62134,368.7
51163,53918,37.3
51165,57651,89.9
51167,40083,61
51169,38725,43.3
51171,53934,82.5
51173,40544,71.4
51175,53681,31
51177,81434,304.9
51179,103005,479.5
51181,54656,25.3
51183,44608,24.7
51185,40309,86.9
51187,65353,176
51191,44844,97.8
51193,55688,76.1
51195,38255,102.8
51197,46119,63.3
51199,86781,624.8
51510,93370,9314.3
51520,37844,1370.6
51530,33672,991.9
51540,54739,4246.4
51550,72214,652
51570,50952,2315.3
51580,35546,1090.2
51590,34951,1002.8
51595,27426,859.7
51600,106870,3616.8
51610,114795,6169.1
51620,38760,1045.8
51630,57258,2326.2
51640,31311,854.6
51650,52021,2673.2
51660,43009,2808.2
51670,40712,2198
51678,37309,2820.2
51680,41971,1538.2
51683,77551,3827.6
51685,79131,5632.6
51690,33545,1261.5
51700,51082,2630
51710,47137,4486.4
51720,26971,529.1
51730,33939,1413.7
51735,88328,793.2
51740,48727,2838.8
51750,36082,1662.1
51760,42356,3414.7
51770,41483,2279.8
51775,53990,1717.9
51790,46435,1188.8
51800,68089,211.4
51810,70500,1758.9
51820,42112,1396.8
51830,54606,1559.3
51840,49330,2838
53001,48131,9.7
53003,47483,34
53005,63001,103
53007,54975,24.8
53009,48002,41.1
53011,67832,676.2
53013,46250,4.7
53015,49804,89.8
53017,55805,21.1
53019,41081,3.4
53021,60275,62.9
53023,51399,3.2
53025,52382,33.3
53027,45483,38.3
53029,61516,376.6
53031,51842,16.6
53033,83571,912.9
53035,68336,635.9
53037,53163,17.8
53039,51258,10.9
53041,46387,31.4
53043,49460,4.6
53045,53087,63.3
53047,42598,7.8
53049,39895,22.4
53051,49184,9.3
53053,63881,476.3
53055,60271,90.7
53057,59263,67.5
53059,53606,6.7
53061,78020,341.8
53063,52159,267.2
53065,47272,17.6
53067,66113,349.4
53069,49508,15.1
53071,52630,46.3
53073,56419,95.5
53075,41574,20.7
53077,47470,56.6
54001,37516,48.6
54003,59480,324.4
54005,37955,49.1
54007,41266,28.4
54009,48835,269.8
54011,37816,342.8
54013,36279,27.3
54015,34242,27.5
54017,44437,25.7
54019,39297,69.6
54021,37175,25.7
54023,40093,25
54025,40483,34.8
54027,36575,37.4
54029,43634,371.3
54031,42573,24.1
54033,48315,166.1
54035,41731,62.9
54037,72526,255.2
54039,46859,214.1
54041,39793,42.5
54043,37075,49.7
54045,37859,81
54047,25595,41.5
54049,48158,182.7
54051,42473,108.4
54053,38977,63.4
54055,37763,148.6
54057,40749,86.1
54059,31227,63.4
54061,49624,267.1
54063,36684,28.6
54065,46346,76.6
54067,39037,40.6
54069,45777,420
54071,39554,11.1
54073,45152,58.5
54075,37111,9.3
54077,46673,51.7
54079,59113,160.5
54081,42386,130.3
54083,40094,28.3
54085,41497,23.1
54087,37931,30.9
54089,35218,38.6
54091,45916,97.8
54093,43294,17
54095,40902,35.9
54097,39434,68.4
54099,38905,84
54101,33390,16.5
54103,40694,46.3
54105,38936,24.6
54107,45537,237.4
54109,37644,47.6
55001,44003,32.3
55003,41505,15.5
55005,49257,53.2
55007,50110,10.2
55009,56775,468.2
55011,54753,20.2
55013,45891,18.8
55015,70662,153.9
55017,55240,61.9
55019,49131,28.7
55021,63293,74.2
55023,47331,29.2
55025,67631,407.7
55027,56038,101.4
55029,56494,57.6
55031,50730,33.9
55033,54605,51.6
55035,52178,154.8
55037,47827,9.1
55039,57798,141.2
55041,43356,9.2
55043,50522,44.7
55045,60609,63.1
55047,50276,54.5
55049,60017,31.1
55051,39855,7.8
55053,51108,20.7
55055,59215,150.4
55057,48817,34.8
55059,57269,611.9
55061,60320,60.1
55063,54127,253.8
55065,55859,26.6
55067,44122,22.9
55069,54203,32.7
55071,51053,138.3
55073,56509,86.8
55075,44958,29.8
55077,49052,33.8
55078,38080,11.8
55079,46784,3926
55081,56479,49.6
55083,55762,37.7
55085,52945,32.3
55087,61523,277.2
55089,80526,370.7
55091,51470,32.2
55093,66772,71.5
55095,53551,48.4
55097,54620,87.4
55099,45680,11.3
55101,58334,587.7
55103,48234,30.7
55105,53410,223.3
55107,41930,16.2
55109,77768,116.8
55111,54447,74.6
55113,43565,13.2
55115,51751,47
55117,56114,225.9
55119,49821,21.2
55121,54009,39.3
55123,49996,37.6
55125,42720,25
55127,58401,184.2
55129,46592,20
55131,73021,306.2
55133,81140,709.4
55135,54071,70.1
55137,48412,39.1
55139,55128,384.3
55141,51603,94.2
56001,45816,8.5
56003,51716,3.7
56005,80178,9.6
56007,57644,2
56009,62776,3.3
56011,66944,2.5
56013,55013,4.4
56015,48422,6
56017,48403,2.4
56019,52415,2.1
56021,62879,34.2
56023,63756,4.4
56025,59400,14.1
56027,36793,0.9
56029,60828,4.1
56031,47380,4.2
56033,56455,11.5
56035,84911,2.1
56037,71083,4.2
56039,80049,5.3
56041,54672,10.1
56043,51362,3.8
56045,59605,3